Time,X,Y,Z
0,-0.550234,0.515433,0.473861
0,1.36845,-0.916827,-0.124147
0,-2.01096,-0.492803,0.39258
0,-0.929185,0.0798318,-0.159516
0,0.0222218,-0.427793,-0.531817
0,-0.117476,0.222079,-0.767977
0,0.142465,-0.0346522,1.13434
0,-0.104746,-0.525123,1.91277
0,-2.02672,1.11942,0.779193
0,-1.1011,1.13023,0.373119
0,-0.386473,-1.15877,0.566113
0,-0.704453,-1.37794,-0.353117
0,-0.461466,0.0666573,-0.176286
0,1.20089,0.698399,-0.171629
0,-0.907187,1.18863,0.785532
0,2.65601,0.263486,1.64177
0,0.460816,0.0859235,-1.50996
0,0.721502,-0.84342,-0.513325
0,-0.0435368,-0.275301,-1.56307
0,-0.795631,0.930584,0.677767
0,0.69844,0.173602,0.662284
0,0.241122,-0.168205,1.16477
0,-0.245748,-0.769668,1.21217
0,1.2335,-1.57416,0.637953
0,-2.04442,1.06948,-0.933763
0,0.784208,-0.614876,0.332892
0,-1.38072,-0.280806,-0.0598173
0,0.961174,1.79428,0.58069
0,0.29765,-1.02812,-1.4186
0,0.190337,0.135754,0.60809
0,0.704981,0.360923,-1.46697
0,0.892629,-0.105257,-0.955346
0,-0.414765,-1.39874,-0.344081
0,0.750786,-0.327625,-0.861598
0,-0.258185,0.460956,-1.34939
0,-1.01907,0.127012,-1.24944
0,1.94512,-0.153336,-0.906987
0,-0.817354,-0.483123,-0.569828
0,-2.0916,1.26374,-0.0154833
0,-0.0273763,0.817874,-1.0546
0,-0.758327,0.457416,-0.0643781
0,0.344902,-0.0800873,-0.24138
0,1.43352,1.06579,-2.49876
0,1.48033,2.15873,1.23178
0,-0.214324,-0.689194,0.727833
0,-0.619069,0.35616,-0.0218809
0,1.21805,-0.389458,-0.442802
0,0.378227,1.93384,0.0809709
0,-0.416456,0.857503,0.718128
0,-0.951472,-0.53616,1.09653
0,0.428013,-2.4697,0.481979
0,0.926456,-0.837581,0.677186
0,1.87232,0.396374,-0.625616
0,-0.522461,0.0130339,0.37777
0,0.0628246,0.501596,-0.146945
0,0.180623,0.964811,-1.06483
0,0.108712,0.105764,0.920667
0,-0.226722,0.653048,1.10269
0,-1.8498,1.16863,-0.985382
0,-1.09394,-2.87946,-0.803178
0,-0.00485694,-0.383323,-0.462527
0,-1.1125,0.86723,0.958414
0,0.418119,-1.88653,2.27335
0,0.146975,0.539609,-1.4983
0,-0.0114435,0.413354,-0.140899
0,0.872162,1.30035,-1.34352
0,0.850121,0.39434,-0.00469599
0,-1.57081,1.47985,0.396774
0,-1.78325,-0.243134,0.327223
0,0.506575,-0.127605,0.341591
0,2.11889,1.54654,-0.949519
0,-0.596897,-0.111204,-1.74907
0,-1.3414,-1.62169,-1.14772
0,1.3896,-0.855241,-1.02706
0,0.882838,-0.449304,0.418639
0,-0.728179,-1.80189,0.467717
0,-1.55143,-0.510493,-0.732951
0,0.195346,-0.555945,-0.127735
0,-1.56056,2.00035,-1.20013
0,1.20138,0.149834,0.140907
0,0.35442,-1.88031,0.966392
0,-0.510944,1.2104,-0.151236
0,-0.374522,-1.29122,-0.765509
0,0.422314,-1.30791,-1.9906
0,-0.857549,0.840005,1.78129
0,-0.677416,-1.54883,-0.343129
0,0.183856,0.577897,2.13464
0,0.226849,1.65546,-0.462925
0,0.0865658,-0.592883,-0.680004
0,-0.263406,-0.280655,-0.603976
0,-0.549253,1.0968,2.11311
0,-0.498407,-0.324395,0.524609
0,3.18703,0.0841636,0.972633
0,1.54447,0.344068,0.926233
0,0.607839,1.03251,-1.0344
0,0.204283,0.481218,0.467057
0,1.13702,0.44689,-1.14495
0,0.591316,-0.883079,-0.699378
0,-0.418509,-0.111419,-1.54373
0,1.11689,-1.15552,1.57011
0,-1.12495,1.28192,-0.0284215
0,-1.71642,-1.04296,1.32647
0,0.448649,-0.0787317,-2.21676
0,1.38957,1.87042,1.68802
0,-0.615245,0.382799,0.492141
0,-1.52745,0.180493,1.07104
0,0.764478,-1.11116,-0.862615
0,0.790594,0.632852,-2.25416
0,-2.45659,-0.0765321,-0.589653
0,-0.298301,-0.411291,0.984024
0,0.103568,0.267636,-1.34231
0,-3.3641,1.12354,2.14321
0,-0.342589,0.249315,0.324518
0,1.67529,0.888984,0.496064
0,0.0555721,0.0602328,-1.43946
0,-0.383488,0.886202,-0.233703
0,0.0443506,-1.17613,0.445507
0,-1.46176,0.289883,-0.187225
0,-1.74329,1.06948,-0.163865
0,1.86078,1.47825,-0.879468
0,-0.79172,-1.17198,-1.58646
0,-0.422177,1.44375,-1.91491
0,0.851944,0.768339,0.554693
0,0.733173,-1.10422,0.761572
0,-0.549258,-2.45919,0.0574129
0,-0.844108,1.35882,-0.286347
0,0.0456078,0.38918,-0.267401
0,-0.103841,0.843574,-1.06632
0,-0.701813,-0.967111,1.43675
0,-0.7017,-0.143283,-0.600605
0,-0.308178,-0.737429,0.462724
0,-1.04085,-1.35245,-0.55842
0,-0.798235,-1.33784,-0.323373
0,-1.66012,1.72775,-1.4926
0,-0.646299,-0.403555,1.68468
0,-1.73032,0.14205,1.03716
0,-0.309743,-1.16982,-0.107985
0,1.5271,-0.615786,1.43618
0,0.258667,1.23251,0.218683
0,-0.484376,1.63886,0.225235
0,0.16643,0.807556,0.924152
0,0.812856,-1.35072,-0.637236
0,-0.656529,-0.77908,-0.872104
0,-0.671024,0.335949,0.494409
0,-0.00163596,-0.426032,1.27546
0,-0.0915661,0.937073,-0.569326
0,0.413713,1.34209,-2.60879
0,-0.655085,0.593742,1.21282
0,0.203114,0.0495727,1.61058
0,1.27399,-0.868582,0.116411
0,0.360169,1.7186,0.866071
0,-0.103576,0.220074,-1.88388
0,0.968628,0.645733,1.21216
0,-0.144049,0.128041,-0.481338
0,-1.14805,-0.602256,-1.8193
0,0.914606,-2.17488,2.03214
0,-1.76413,1.49989,-0.908054
0,0.561033,-0.752447,1.67375
0,0.0437027,1.07368,0.076048
0,0.35296,0.616107,-0.528724
0,-1.28029,-1.3016,0.0508426
0,-0.48864,-2.14586,0.512941
0,-1.21849,-1.16033,-0.041626
0,-0.900116,0.122505,1.97346
0,-0.379058,-1.05958,0.181507
0,-0.775232,0.0237515,0.315636
0,-0.0351969,0.0565588,0.19209
0,1.59711,-0.252919,0.127434
0,0.866849,0.471037,-0.358209
0,0.901863,-0.871247,-0.226749
0,-0.771087,0.576175,1.1896
0,0.223336,0.075266,-0.875009
0,-0.702551,-1.19326,-2.17668
0,-0.391034,-0.298105,2.17284
0,1.56281,0.55564,2.08448
0,1.3909,-2.00757,1.06746
0,0.711454,-0.289378,-1.4152
0,0.595401,-2.07913,-0.021475
0,-0.61709,-1.25884,1.1888
0,-0.0413084,0.173966,0.907872
0,-0.00879055,0.451411,0.815852
0,0.566756,0.28598,1.78311
0,1.24197,-0.0857632,-0.909693
0,0.638624,0.215861,1.709
0,0.987493,0.764204,0.0129516
0,-0.875699,-0.197963,0.476828
0,-1.72958,1.24171,2.06704
0,-1.94494,-1.40022,0.229662
0,-0.582581,0.260906,-0.071674
0,-1.02382,1.28841,0.464517
0,-0.559742,1.50503,-0.508406
0,-1.24184,0.183512,0.353158
0,0.531917,0.696351,0.516125
0,0.475494,-0.573754,-0.680744
0,0.742365,0.243456,0.820246
0,-1.70728,-0.500786,1.90702
0,0.552533,0.29555,0.707924
0,2.20845,1.99805,-1.57952
0,-1.2105,-1.61341,-0.747108
0,0.0549193,0.242015,-1.53048
0,-1.86735,-0.764791,0.916171
0,1.09036,1.70582,-0.0323303
0,0.828153,1.00989,-0.496859
0,0.387845,0.658705,-0.909158
0,1.6421,-0.0388123,0.0870352
0,-0.947341,-0.779426,-2.19651
0,0.0551558,2.50569,-1.01862
0,2.9762,1.41425,-0.473589
0,0.0272647,-0.1351,1.70616
0,0.517016,1.18197,0.358172
0,-0.111973,0.326423,-0.406944
0,-1.4522,0.813689,-1.50116
0,-0.268834,-0.439864,0.643354
0,1.5647,1.20497,0.672425
0,-0.629872,-0.183469,-0.329274
0,-0.470281,-0.402451,-0.429138
0,-0.473426,0.951883,-1.05464
0,-0.729474,-1.58341,1.41548
0,-0.796503,0.660775,0.475319
0,1.31884,-0.210017,-0.94754
0,-1.55575,-2.78464,0.161353
0,0.775473,0.471688,-1.52976
0,1.03883,-0.698216,-0.906904
0,-0.720632,0.0784089,-1.4847
0,-0.0370359,0.429448,1.10732
0,0.175957,-1.33963,0.14889
0,-1.06026,-1.11795,-1.3627
0,-1.91125,-0.567163,1.12889
0,2.25648,-0.573585,1.08611
0,-0.394582,-1.65074,0.700942
0,0.234814,1.81802,-1.53468
0,2.79603,1.59172,-0.0179236
0,-0.298638,-0.71581,0.109733
0,-0.183936,0.513795,-0.294367
0,1.41496,0.125046,-0.256817
0,1.02429,-1.62252,0.340988
0,0.0255714,-1.41085,-1.7085
0,1.01034,0.962791,0.172558
0,1.71666,0.440968,1.24981
0,0.420325,-0.27581,-1.05753
0,-0.603436,-0.257122,1.36315
0,0.76992,0.330319,0.87001
0,0.527384,0.261938,-1.49866
0,1.13916,-0.458512,1.08854
0,1.18521,-0.670039,0.949716
0,-0.360987,-0.355032,0.257473
0,0.284473,0.0385515,-1.33429
0,-0.121447,2.27848,-2.784
0,0.86974,1.05712,-1.35835
0,-0.469439,-1.00072,1.85397
0,1.10303,1.15143,0.120647
0,1.31209,-0.00823657,1.35916
0,-0.148696,-0.679242,1.81095
0,-0.0208488,-0.8988,-0.909634
0,-0.906579,0.844442,-0.0988628
0,2.29796,1.18618,0.257138
0,1.4039,-0.495507,-1.85479
0,-0.989583,0.147208,-0.222541
0,0.824415,-0.124614,0.748035
0,1.50097,-0.127696,0.555145
0,-1.75479,-0.123894,-1.23196
0,0.145227,0.236,0.232676
0,-0.480123,2.29847,-1.26802
0,-1.32915,1.65498,-0.704279
0,-0.944691,2.30291,0.985723
0,-0.594465,0.217508,1.94587
0,0.691621,1.28615,0.804803
0,0.930253,0.0397418,0.0113485
0,0.26705,0.734453,-0.283315
0,0.122054,-0.310346,0.115685
0,-1.251,2.60598,-0.73294
0,-0.361461,-0.819264,0.615709
0,-0.196003,-0.963807,0.656883
0,0.791649,-0.0668763,-0.663626
0,2.19107,0.340068,-1.27407
0,1.41404,-0.855775,2.74188
0,0.0796579,1.01332,-2.08002
0,-1.28414,1.33386,0.317815
0,2.0424,0.485175,0.145296
0,1.71357,1.01014,-0.196261
0,-1.0941,-2.37162,-0.437666
0,-1.18634,2.5977,-0.650371
0,-0.677709,-1.52124,-0.266317
0,-0.664535,1.73773,0.168476
0,-0.00886403,-0.134673,0.786175
0,-0.452328,0.667206,1.61397
0,0.460075,-0.249731,-0.953459
0,-0.275124,0.563079,-1.53253
0,0.831543,0.207613,-0.149189
0,-0.659413,-0.476378,0.597306
0,-0.128212,-0.50114,0.468563
0,0.50819,-1.24918,0.571481
0,2.5017,0.469621,-1.69901
0,0.177375,-1.83082,3.16737
0,2.23567,-0.665938,-2.24567
0,-0.878371,-0.180991,-1.76186
0,-0.0690225,-0.187579,0.125155
0,0.229645,-0.965618,-0.853414
0,0.0455922,-0.630992,0.907495
0,0.0358946,1.865,0.820482
0,1.10371,0.132566,0.157362
0,1.73132,-0.378293,0.546779
0,-0.266238,-0.268636,-1.1689
0,-0.742514,-0.928269,0.594369
0,1.04021,-0.0947534,0.229628
0,-0.152471,-0.810776,0.862263
0,0.652535,-1.89255,-0.283109
0,-0.882027,-0.390939,-0.670432
0,-0.0464204,-0.329915,-0.351141
0,1.10739,0.557179,-0.703895
0,-0.555547,0.491793,0.49042
0,-0.60378,-0.233991,1.84681
0,-0.586548,1.9108,1.10367
0,1.72542,-0.629072,-0.168556
0,-0.449164,1.12675,-0.567684
0,0.731215,0.678299,-0.0480295
0,1.29866,0.10768,0.834086
0,-0.494703,-0.723437,0.731146
0,0.43084,0.243308,-0.343688
0,1.54921,-1.11659,-1.17134
0,0.942167,0.860096,0.353763
0,-0.287952,0.502422,1.72083
0,2.51555,-1.65641,-0.41892
0,-0.481773,1.62652,-2.4813
0,0.513835,-0.25681,1.63811
0,1.50104,0.365507,-1.57972
0,-0.573889,-0.464391,-1.32645
0,1.15458,-1.45343,1.96533
0,1.96282,-0.38506,0.328495
0,-0.0722835,0.901825,1.27468
0,0.257997,0.469117,-0.620604
0,0.436714,0.162762,-0.911794
0,-0.0140371,-0.383183,-0.609496
0,-1.14649,0.0625027,-0.780474
0,-0.471108,1.07512,0.632116
0,-0.978767,0.351891,0.132781
0,1.7017,1.38314,-1.53375
0,0.861128,1.2652,0.559359
0,-0.335412,2.41339,0.651409
0,1.97654,1.35148,0.464135
0,-0.579701,-0.0241049,-0.221912
0,-1.21452,0.650282,1.56735
0,-0.298304,2.16366,-1.55758
0,1.05436,1.67152,-0.204031
0,-0.186057,1.04277,0.505991
0,-1.99741,-0.843373,-0.0135495
0,-1.3697,-0.474174,-1.34469
0,-0.370171,-0.336623,0.351755
0,-0.0917593,0.50279,0.383544
0,1.03134,0.873783,0.768124
0,3.10487,0.347403,2.59357
0,0.412218,-0.0828509,-0.373165
0,1.50973,1.6405,0.599784
0,1.13355,-1.27722,-1.54878
0,1.24633,-0.126812,0.749302
0,-0.717288,1.65699,-1.54042
0,-1.38559,1.44431,-2.60984
0,0.378569,-0.107326,-0.735952
0,-0.19994,-0.847524,1.54226
0,1.8045,-0.685738,0.275525
0,-1.32508,1.07305,1.04701
0,-0.295262,0.0168851,-0.0937654
0,-1.61846,1.546,-0.766953
0,-0.760149,-0.15042,0.995549
0,-0.591303,-1.95219,-0.886998
0,0.42414,2.18975,-1.25992
0,-1.2965,-1.5126,-1.63673
0,1.20569,1.49469,0.177756
0,-0.467713,1.79114,0.173908
0,1.08944,-0.516449,0.0442439
0,-1.23734,0.629249,0.190938
0,-0.894563,-0.881107,1.61596
0,1.97167,-0.213135,0.0677536
0,0.400114,0.148032,-1.6743
0,0.427871,-2.08789,-0.732684
0,0.505427,0.599994,-0.810073
0,-0.458437,-0.593836,-0.102844
0,-0.0267944,0.668468,-0.516897
0,0.373396,0.507016,0.198289
0,-0.259606,0.180645,0.75174
0,0.839185,1.81537,-0.990026
0,-0.440007,-1.61347,0.931009
0,-0.334508,0.206191,-0.604339
0,-0.326704,1.22319,0.694233
0,-0.111522,0.767814,0.7899
0,-0.391426,-1.46908,-0.899162
0,-1.34053,1.16443,1.33812
0,1.58637,-2.01956,1.0714
0,2.21219,1.11199,-2.15123
0,1.7683,0.041689,-0.232399
0,0.451095,-1.04901,0.00278237
0,1.62043,0.622397,0.0584015
0,0.0896082,-1.18139,-0.149988
0,-1.6343,1.02244,-2.18571
0,0.8549,0.979411,1.31876
0,0.0868592,0.916628,-0.159747
0,-1.1867,1.53073,-0.0968858
0,-1.40951,-0.466815,-0.427325
0,0.461697,2.34705,0.522419
0,0.206844,2.45578,0.978894
0,0.254249,-0.479412,0.3162
0,-0.0663904,0.0914341,1.3144
0,-0.540322,0.513541,0.94894
0,-0.662113,-0.822621,-0.150342
0,-0.46163,1.15233,-1.00177
0,0.0684714,2.54605,0.413056
0,0.57929,1.16068,-0.462949
0,-1.08142,0.176511,0.265404
0,-1.61821,0.375072,1.06985
0,-0.912948,0.435556,0.892264
0,0.586678,0.681006,-0.2448
0,-1.1275,-0.447146,-0.586057
0,-0.0802591,1.09327,-1.31184
0,0.14425,-1.0634,-0.740047
0,0.558741,-1.18995,0.734244
0,-1.35216,0.66698,-1.54953
0,-0.617813,1.89649,1.70855
0,-0.412525,0.389961,1.20407
0,0.681296,-0.273464,-0.748635
0,0.868103,1.1307,1.7157
0,-1.68725,-1.25312,1.16192
0,-1.55153,1.23855,-0.214933
0,-0.520914,0.205429,-1.34537
0,0.824015,1.68964,0.870576
0,-0.246509,-1.53804,-1.49959
0,-1.32964,-0.0122783,0.1134
0,0.868444,-1.79603,1.31121
0,0.694406,-0.326836,-1.18976
0,1.24914,-0.300094,-0.0200189
0,0.383612,-0.913199,-0.282181
0,0.865317,0.764096,0.773107
0,-1.15518,-0.23658,-0.396394
0,0.425179,0.335658,0.155427
0,2.46573,-0.290806,-0.407823
0,-1.15675,-1.53785,-1.22032
0,-0.718682,1.31007,0.0391639
0,0.193331,-0.0962733,0.365301
0,1.40207,-1.99393,1.21834
0,-2.51504,0.0282026,2.19191
0,0.680658,0.373059,2.00195
0,-0.703063,0.433967,0.578117
0,-0.522402,-0.43411,-0.543779
0,0.087315,0.546692,0.12323
0,0.709462,-1.96915,-0.218251
0,-1.02342,0.301722,0.286917
0,-0.115622,0.510279,0.997813
0,-0.0605205,-1.05169,-1.58126
0,0.0361102,0.241867,-0.969524
0,0.725767,-0.458957,-1.65643
0,1.25644,1.14399,-2.0156
0,-0.5626,-0.601584,1.63949
0,-0.0992927,-1.49588,0.882105
0,-1.23078,-0.26034,-0.769769
0,-0.560455,0.937258,1.52133
0,-1.27437,0.626076,-0.732754
0,-0.701672,0.490636,-1.0279
0,0.470603,0.730113,-0.432532
0,1.32708,-1.27282,1.34541
0,-1.94399,2.69971,-0.406202
0,-1.16231,-0.232672,-1.04648
0,0.386965,1.36766,-0.993456
0,0.579399,-1.53274,1.03295
0,0.416236,1.07618,-0.122347
0,-0.435157,0.816117,-1.30805
0,-1.74282,-0.004962,-0.389597
0,0.553833,1.09155,0.533014
0,1.0119,0.321052,0.494596
0,-0.116657,0.465045,0.166653
0,0.325177,-0.166724,0.808929
0,-0.710453,-0.018349,1.31178
0,-0.948722,-2.16185,0.366457
0,-0.256954,1.01086,-0.130515
0,-0.604339,-0.0758174,1.09307
0,0.57537,-2.4339,0.185767
0,0.235762,-0.01825,-0.61089
0,1.19453,1.24403,-2.20316
0,-0.79796,-0.144731,0.948508
0,0.0348529,-0.683594,0.709534
0,-0.211336,-0.117401,-0.0271584
0,0.574308,-0.30855,0.686947
0,-0.073069,-1.06702,-0.0367763
0,-1.01521,0.0409868,0.829474
0,-1.07363,0.364273,-0.829037
0,0.201701,0.860204,-2.12951
0,-1.11448,-0.368979,0.31504
0,-0.166383,-0.0458808,2.04298
0,-1.21246,1.13549,-0.349978
0,0.549475,2.12895,0.688678
0,0.372496,1.59912,1.1248
0,-0.799394,0.294525,-1.7175
0,-0.540153,0.314053,-0.602105
0,0.273367,-0.0133846,0.536417
0,-0.424199,-0.940149,1.47813
0,-0.495697,0.660011,1.43525
0,0.16267,-0.856307,-0.17861
0,1.01754,0.206248,-1.20514
0,0.596644,0.769531,-0.355312
0,0.610244,0.245019,-0.19743
0,-1.29354,1.07795,0.759211
0,0.583886,1.54453,0.945194
0,0.686566,-2.21323,1.1969
0,0.0830805,0.312492,0.319333
0,0.773833,1.12217,0.634241
0,0.475286,0.231512,-3.35161
0,-0.287591,-0.94159,1.21074
0,0.619037,-0.458137,-0.357717
0,-0.393981,-0.411826,-1.44456
0,-1.66128,0.0290468,1.07531
0,-0.53769,0.303445,0.734261
0,-0.993378,-0.0199754,-0.66652
0,1.60612,1.56246,-0.992343
0,0.385884,1.0676,0.84833
0,0.081563,1.30656,-0.904515
0,-0.303093,-0.877642,0.782493
0,-0.582637,-0.171249,0.61767
0,0.69825,-0.907126,1.05666
0,0.45569,-1.0817,-1.32772
0,-0.0158197,0.850094,0.875716
0,0.356167,0.0486748,0.511738
0,-0.855331,1.68699,1.67394
0,0.428812,0.1973,-0.411421
0,0.528749,-0.691317,-2.22361
0,-2.71411,-0.799498,0.156378
0,0.331972,-0.486757,0.141835
0,-0.274228,-0.999313,-0.0537445
0,0.812957,-0.954062,-0.953605
0,-1.06925,-1.93652,-0.480202
0,0.714086,0.173916,-0.169251
0,0.129065,-0.488982,-1.94789
0,0.783719,1.07112,-0.728157
0,-0.150836,-0.236999,0.351289
0,1.68989,1.15979,-0.376914
0,0.542464,1.25436,0.408345
0,-0.00469941,0.446,-0.703272
0,-0.557281,-1.06403,0.307065
0,-0.131403,-0.823118,-0.164179
0,0.469998,1.91471,1.01207
0,-2.28415,0.239308,1.42932
0,-1.33787,0.551559,-0.236642
0,1.15029,0.404257,-0.884015
0,-0.200851,-0.141696,-0.123178
0,1.11926,-0.84262,1.00305
0,-0.30225,0.223511,0.0723776
0,-0.0218053,-0.0136028,1.45736
0,0.84245,-0.362716,1.58279
0,0.274681,0.357624,-0.837319
0,-0.497499,-0.688504,0.0860729
0,0.638783,0.367232,1.58804
0,-0.887758,0.114869,-1.28294
0,-0.921871,1.26458,-0.463165
0,-0.803364,-2.12998,-0.813355
0,-0.20528,-1.3574,-0.262783
0,1.27063,-0.707305,-0.943383
0,-1.1239,-1.14176,0.535577
0,0.0486687,0.956857,2.01984
0,-1.83039,0.380079,-1.11862
0,0.788899,-0.271912,0.0273228
0,-1.28318,-0.426427,0.0896623
0,1.35608,-0.794561,-0.550692
0,0.94429,-0.85934,1.14239
0,-0.00908658,0.303123,0.367522
0,-0.616221,0.389887,-0.77237
0,-0.502103,0.558691,0.293394
0,-0.074965,-1.25873,-1.00916
0,0.276709,0.732141,-1.10965
0,-0.839825,0.134185,0.112788
0,-1.62396,0.161563,-0.598368
0,1.64105,0.249199,0.421473
0,0.447359,-1.21393,1.94388
0,-1.62291,0.795703,0.618664
0,-0.477002,0.66645,-0.317573
0,-0.675461,0.469559,-1.00656
0,-0.224255,-0.594177,-0.335979
0,0.432729,-0.594366,-0.192324
0,-0.503145,1.444,0.342612
0,0.22007,0.683419,-0.594135
0,0.859257,0.346178,-1.56089
0,-1.42803,-0.572297,-1.32101
0,-0.238278,-1.01374,-0.097723
0,1.41171,-0.0493769,-0.302964
0,0.388243,-0.69642,0.843414
0,0.495213,0.0388656,0.154316
0,2.04175,0.942312,2.19953
0,0.53203,-1.47169,-0.262174
0,-1.7002,0.528303,0.745404
0,-0.885916,-0.655636,0.148751
0,-1.1981,-1.27316,1.23863
0,0.114711,-0.558109,-1.69212
0,0.852351,-0.684518,1.86068
0,0.85931,-0.808142,-0.715472
0,1.72185,-0.0842594,-0.513311
0,0.0277217,-0.517913,0.241048
0,-0.0758236,0.875508,-0.388574
0,-0.884816,-0.348985,-0.355084
0,-0.0775338,0.63454,0.579909
0,1.19966,-0.81149,0.38872
0,0.72732,-0.67422,-0.207631
0,-1.74998,0.906858,-0.215498
0,0.806564,0.20605,-0.185165
0,-1.5928,-1.41495,-2.59315
0,-0.562613,2.27825,-1.28795
0,-2.63143,0.962669,2.36372
0,0.297921,0.288732,-0.309882
0,-1.79426,-1.45071,-0.316753
0,-0.508455,-0.115173,0.829325
0,-0.581838,0.849717,-0.57529
0,1.03824,0.0863676,-0.43583
0,0.0692941,-0.293539,0.113134
0,0.758106,-0.0872156,-0.369569
0,-1.12352,0.579178,0.348272
0,-1.18194,0.835494,-1.19818
0,1.02922,0.687863,0.419666
0,-0.376995,0.57578,1.07637
0,0.592352,-0.67025,0.267407
0,1.13203,2.1991,-0.205213
0,0.857883,1.13448,-0.812405
0,1.78208,-1.06518,0.808986
0,0.30532,0.0555755,2.54683
0,-0.301255,-0.317346,1.33148
0,0.761804,1.2821,0.116869
0,0.316943,1.90094,-0.835954
0,-0.102877,0.798254,-0.195861
0,-0.570146,0.618484,1.33581
0,-0.140834,-0.16859,-0.647688
0,-0.295977,1.08361,0.0810629
0,-0.804991,0.262362,1.05119
0,-0.561886,-1.32861,2.19082
0,-1.37853,-0.359023,0.232129
0,-0.272428,-0.0749108,0.576838
0,-2.39172,-1.26689,0.0442594
0,-0.404217,0.129411,0.227653
0,-2.11592,1.27364,-0.498268
0,-0.865513,0.208355,0.10716
0,1.19669,0.271873,1.15811
0,-0.938177,0.141861,-1.11475
0,0.0976758,-0.114288,-0.157298
0,-0.148528,0.736389,-1.60736
0,-0.899788,-0.0405718,-1.17866
0,0.0461138,-0.0508522,-1.40376
0,-1.45317,-2.62379,-1.22067
0,0.0143233,0.156188,0.2019
0,-0.777919,-0.0183035,0.397245
0,-1.26804,0.123329,0.656481
0,-0.490772,1.06223,-0.467434
0,-0.860061,0.556841,2.03329
0,0.0853536,0.634908,-0.508717
0,-1.24162,0.166266,0.3244
0,-0.357911,0.631056,-0.65408
0,-0.902086,1.06064,1.06535
0,-0.634343,1.71885,-0.287107
0,0.0847829,-0.0846526,0.52376
0,0.271421,0.257962,-1.01956
0,-1.68856,1.14216,-0.545446
0,-0.0490334,0.326799,1.62901
0,0.161358,-0.394798,-0.523544
0,-0.0373568,-0.909365,0.0288757
0,-0.0520197,1.64153,-0.0836012
0,-1.92449,2.67351,0.956834
0,2.08235,-1.15732,-0.221827
0,0.674401,0.536391,0.306938
0,-2.19961,-1.71244,1.51752
0,1.69533,-0.106651,1.39043
0,-1.02323,-0.794426,-1.10228
0,-0.84992,0.722696,-0.862352
0,2.23974,0.460071,1.08453
0,0.489941,1.21427,-0.868
0,1.44693,0.140939,1.20927
0,-1.43956,0.180583,0.145239
0,-0.619237,0.313119,1.53961
0,-0.696152,0.961854,-1.12742
0,2.10944,0.7846,1.72512
0,0.67206,0.390613,0.792933
0,-0.136447,-1.61783,0.447399
0,-0.755503,-1.10166,0.636293
0,-0.279108,1.0277,-0.788941
0,-0.470829,1.1503,0.279843
0,-1.47733,0.257761,1.48124
0,-0.478577,0.598058,-0.849387
0,-0.136783,1.08984,0.219232
0,1.28927,0.425302,2.21874
0,-1.56491,-0.217193,-1.08453
0,-1.01625,-1.00718,0.167726
0,0.226301,0.427456,-1.12306
0,-0.324225,-0.964295,0.935882
0,-0.870268,-0.213712,0.560306
0,-0.615629,0.693878,1.59608
0,0.189712,0.901611,-2.07342
0,-0.429052,0.184901,-1.05297
0,0.207649,1.05994,-1.87956
0,-1.18907,0.184813,0.46042
0,0.73808,0.110889,0.461512
0,0.903481,-0.414458,-0.608586
0,-0.168507,0.199488,-0.658273
0,-0.393757,0.397702,0.157751
0,-0.185337,-1.74107,-0.003508
0,-0.970004,0.983083,-0.308721
0,-0.996232,-0.0615433,1.2707
0,0.630816,0.219917,-1.3261
0,1.6216,-0.621627,0.933784
0,-0.325363,0.837508,1.30687
0,0.648137,0.755855,-0.098439
0,-0.433966,0.138299,-0.339915
0,2.4672,-0.992358,1.00209
0,0.517197,0.229872,1.47989
0,0.298377,-0.634907,0.29173
0,-0.183178,0.503285,0.813074
0,-0.859088,1.19534,-0.2549
0,0.443614,0.61703,0.367389
0,-0.109109,-0.488598,-0.268995
0,1.56517,-0.865866,-0.719243
0,-0.763149,0.135754,-1.52471
0,-1.35356,-0.260955,-1.28778
0,-1.20627,-1.28027,-0.846612
0,0.731247,0.955708,1.919
0,1.88236,0.786313,1.02768
0,0.131102,0.519865,1.9436
0,0.371213,1.15324,-0.934352
0,-0.666239,0.31207,0.149932
0,-0.619934,2.40738,0.172594
0,-0.442725,0.151619,0.0254267
0,0.187803,-1.59372,1.29195
0,1.34883,1.47032,0.325432
0,0.662481,-0.866227,0.832899
0,0.251788,-0.460407,0.864745
0,0.903449,0.0606088,0.438383
0,-1.03172,1.24318,-0.898813
0,-0.705426,0.0623156,1.11452
0,1.11395,-0.00482462,0.773013
0,-1.68906,-0.71932,-0.69895
0,1.25221,0.654654,0.184653
0,0.281735,1.56834,-0.17018
0,-1.31407,1.0872,0.181839
0,0.953672,-0.0447648,-0.83869
0,0.402822,0.0101751,0.184942
0,1.61657,-1.0987,0.285919
0,-0.818997,-2.59055,-0.0489652
0,0.0310229,0.623522,-0.217541
0,-1.489,-0.822432,1.31696
0,-0.836628,1.58323,1.04998
0,-0.317781,-0.729079,1.04791
0,-0.240911,-1.54565,0.562317
0,0.417263,1.13771,0.349595
0,-0.549147,1.26968,1.36699
0,0.233206,0.0603219,-1.32327
0,-0.607526,0.76077,-0.55728
0,-1.45684,3.49588,-1.46341
0,2.25675,-0.307423,-0.084563
0,-0.672278,0.782837,-1.43977
0,-1.84033,1.61017,-0.803972
0,0.746088,-1.08546,0.708421
0,1.68355,-0.527121,-1.93344
0,1.68879,0.926244,-0.473571
0,-0.217952,-1.11065,1.42026
0,-0.534716,-1.41871,0.213646
0,-0.860013,-1.03001,-0.430099
0,0.0863553,-1.38111,1.38515
0,0.67716,-0.365363,-0.903343
0,-0.0892255,0.899435,0.744584
0,1.0585,-0.480377,-2.92493
0,1.24781,-0.167196,0.666166
0,1.66923,2.43441,-0.649821
0,0.13396,1.36684,-0.844279
0,-0.582112,-0.588039,-0.0280903
0,-0.220124,-0.593795,-0.965757
0,0.81194,1.33783,1.48271
0,-0.481074,0.853725,0.236326
0,-0.570671,0.734218,-0.616605
0,-0.376177,-1.37673,-0.464221
0,0.253861,1.56893,-0.353495
0,-1.03817,1.49737,-0.504552
0,-1.74838,0.133094,-0.324773
0,2.3004,0.475366,-0.146342
0,-0.924497,0.330167,1.45671
0,0.311814,-0.84743,0.538806
0,-0.0486069,0.448613,-0.354807
0,-0.378295,-0.41778,0.942238
0,-0.368225,-0.459731,-0.942066
0,0.454014,0.311702,-0.448768
0,-0.709379,1.87617,-1.88044
0,0.493172,1.2914,-3.38681
0,0.79414,-0.220255,0.256055
0,-0.323238,1.07539,0.363119
0,0.13172,-0.898861,1.88229
0,0.00993103,2.28981,1.92757
0,-1.77835,-0.654946,-1.03695
0,-0.0482061,0.187164,0.229926
0,1.05413,1.49358,0.967488
0,-0.560935,-0.782024,0.00276184
0,0.42612,-0.183191,-1.34548
0,0.68206,-0.392315,-0.422513
0,-0.0546127,-0.239899,-0.366501
0,-1.28013,-0.112247,0.702954
0,0.264644,0.948121,-0.728545
0,-1.27806,-0.24585,-0.614237
0,-0.510335,0.21175,-0.503081
0,-1.25007,-0.558995,0.340059
0,0.671481,0.661423,0.424473
0,-0.168093,0.404914,-0.0423357
0,0.113096,-0.939327,0.043875
0,0.378666,0.341127,-1.28752
0,0.0962608,-1.44389,0.173677
0,-0.701337,1.70564,0.119243
0,0.801164,2.11087,-0.817402
0,0.435675,-1.18591,0.344897
0,1.76571,-0.627883,-0.885954
0,-0.0911742,2.04582,0.771039
0,-0.904915,1.45506,-1.65506
0,2.13656,0.856451,1.76356
0,-1.6478,0.169442,-0.133889
0,-1.00698,-1.29602,0.507081
0,0.597732,1.29997,-0.503421
0,-0.14161,-1.38246,1.54079
0,0.0695481,0.722588,0.757905
0,1.45911,-0.831399,0.697587
0,-0.0250087,2.10568,-0.834364
0,1.17143,0.350342,0.297856
0,0.0540207,1.34667,0.263852
0,-1.52442,1.2195,1.0362
0,0.587138,-1.12847,-0.973115
0,-1.87744,0.46033,-1.34955
0,-1.71875,1.27499,0.76818
0,-0.333172,-0.134047,-2.40734
0,0.916745,-0.692731,0.330291
0,-2.48856,0.977568,-0.752845
0,-1.37604,-0.339602,-0.596395
0,1.07427,-0.420395,1.36262
0,0.330143,0.894368,-0.00216646
0,1.27206,-1.15362,0.113624
0,-0.396436,1.39663,1.49903
0,0.000421286,-1.29151,0.427097
0,-1.66461,1.62614,-0.47317
0,-0.0305702,-0.680951,-0.901782
0,0.737291,-0.158617,0.0424826
0,-1.00389,0.856059,0.95779
0,-0.208928,1.26792,-0.104124
0,0.779755,-1.62293,0.353431
0,-0.271481,0.155522,0.110682
0,0.1257,0.615701,-0.565174
0,0.569079,1.23252,-1.41014
0,-0.78054,-0.738535,-1.09205
0,-0.474698,1.03312,1.44759
0,0.106175,-0.324236,0.802924
0,-2.36397,-1.05518,-2.32163
0,-1.0657,-0.767017,1.47768
0,-2.76106,-0.416703,0.619566
0,0.410731,1.46174,0.161051
0,0.374278,-1.83851,-0.988269
0,-1.7827,0.572608,0.34869
0,0.313538,-0.881434,-0.97295
0,0.209447,-0.669386,-1.0204
0,-0.508389,-0.660742,-0.866723
0,-1.22577,0.44869,1.55605
0,-0.0390042,0.222434,0.536378
0,0.366566,-0.846912,1.71985
0,-0.757311,0.648088,0.530191
0,-1.95844,-0.358846,0.0566285
0,0.133151,0.30142,0.757663
0,-0.00751536,0.354618,-0.0449546
0,-1.01733,0.0324014,0.74909
0,1.10879,0.537316,1.33435
0,0.418865,0.86388,0.937391
0,-0.223351,0.726003,-0.940645
0,0.349812,0.577026,1.0511
0,0.820759,1.06411,-0.0993803
0,-0.345393,-0.274899,0.266284
0,-1.80875,1.33176,0.0438734
0,-0.415002,-2.52972,-0.0368135
0,-0.198477,-0.897046,-0.673047
0,-0.0266366,-0.588236,0.571878
0,-0.748784,0.154608,1.18005
0,-0.0365959,0.355977,0.292651
0,0.0079969,-0.0670071,-0.571374
0,0.151012,-0.283267,1.54609
0,0.811143,-1.4528,-1.39716
0,-0.13046,-0.395305,-0.183194
0,0.651161,0.315736,0.305629
0,1.44619,-1.38889,0.103939
0,-0.579053,1.43544,-2.20935
0,-2.16548,0.304636,1.1263
0,0.773254,-0.800981,1.50642
0,-1.23147,1.30748,-1.09923
0,-0.351824,0.63927,-1.46621
0,1.46902,-0.357944,0.137276
0,1.1622,-0.793125,1.06081
0,1.64053,-0.655579,1.36939
0,-1.76058,0.3896,-1.2286
0,0.942569,0.860456,2.07738
0,1.42128,-0.165771,-1.08175
0,0.565687,-0.0607314,1.55116
0,-2.16638,2.18806,0.531991
0,-0.813012,0.733989,1.29742
0,0.114347,-1.76492,-0.293847
0,1.0394,0.496665,-0.156507
0,1.30832,0.739306,0.816339
0,-0.410635,-0.507384,-1.69996
0,-0.259392,0.935392,-0.204093
0,0.445539,1.1112,0.372833
0,0.470515,-1.35782,-0.322565
0,1.72663,0.103797,1.89674
0,-0.723116,0.233947,-0.382678
0,0.591985,0.895009,0.602466
0,1.04185,-0.013173,-0.190528
0,-1.75819,0.638451,0.172184
0,-0.0679147,-0.190818,-0.0368796
0,-0.236236,-0.528034,0.239589
0,0.484159,-0.770568,-0.400736
0,-0.204622,0.00481331,-0.128185
0,0.659721,-1.65237,-1.47504
0,0.193569,-0.602686,0.884242
0,1.1698,0.233747,-1.07197
0,1.05459,0.198903,-1.48694
0,-1.39852,1.51695,1.35114
0,-2.51714,-1.35779,1.14086
0,-0.0184926,0.701849,-0.0619528
0,0.654492,0.00583355,-0.437608
0,1.05874,0.202055,0.652389
0,0.157448,-0.486357,1.60839
0,0.354968,-0.355049,1.27833
0,-1.32082,2.23628,-0.17915
0,-1.26801,1.90594,-0.463168
0,0.243245,0.717691,1.18417
0,0.299775,-0.647315,0.218993
0,-0.419316,0.249012,1.62815
0,0.755925,0.206646,0.738491
0,0.810081,-1.07787,0.0417226
0,2.56253,1.21282,-0.503436
0,-0.603208,-0.636526,0.86632
0,1.60764,0.582167,0.157162
0,-0.444155,0.329373,-0.820122
0,-1.93577,1.63683,-1.00581
0,-0.324832,0.656357,1.43447
0,0.257131,-1.19371,-0.301346
0,-0.678485,-0.038211,1.23198
0,-2.53739,-0.41139,-0.48405
0,-1.25676,0.585491,-1.41498
0,-1.29989,0.851069,1.50057
0,-0.0760968,-1.2174,-0.705554
0,1.008,0.116438,-0.101039
0,0.31305,-0.0376599,1.54571
0,-0.749143,-0.863959,-1.38345
0,-0.539988,-1.09198,0.218076
0,0.0209474,-1.07908,0.589139
0,1.51681,0.357838,-2.5435
0,1.98713,0.746923,1.95642
0,1.09072,1.29052,0.205267
0,-0.262296,0.373481,-0.708785
0,0.433881,-2.62679,0.0429322
0,1.34468,0.0943086,1.72748
0,-0.263745,1.00265,-0.87827
0,0.961957,0.232595,-0.219751
0,-2.57388,-0.254377,0.213453
0,0.828709,1.56095,2.03503
0,1.24627,-0.56209,-0.304804
0,0.738915,0.519614,1.62835
0,2.47939,2.26718,1.49394
0,0.527903,1.34933,1.66144
0,-0.1473,-0.532661,-0.767421
0,-0.876385,-1.382,0.249902
0,-0.999753,-0.783522,0.701256
0,0.181609,0.429625,1.36515
0,0.86453,1.51889,0.0799765
0,1.61179,0.359737,0.168706
0,1.46153,-0.872154,2.0236
0,-0.2821,-1.21811,0.653502
0,-0.377322,2.02581,-0.432901
0,0.314449,-1.42559,0.812914
0,-0.77739,0.693325,-0.428345
0,-2.04693,0.13119,0.0864285
0,0.881072,1.556,1.91241
0,0.864154,0.278619,-1.42733
0,0.202021,0.21494,-0.19864
0,0.632968,1.12191,-0.818404
0,-0.833984,-0.139292,-0.615229
0,-1.64125,-0.996593,-1.23232
0,1.20845,1.70283,-1.09543
0,0.546073,0.873516,-1.49227
0,0.160979,2.53352,0.677147
0,-0.245301,-0.560186,-2.02246
0,0.470474,1.94782,-0.813544
0,-1.93558,-0.664224,0.8816
0,-0.4285,-0.820468,0.0191549
0,0.229701,-1.38839,-0.217284
0,-0.497268,-0.640904,-1.01704
0,0.941258,-0.644387,-1.99495
0,0.264298,0.7252,-0.796016
0,-0.559663,-0.649054,-0.346653
0,1.10685,-0.114059,0.839594
0,-0.968832,-0.38369,0.954014
0,-0.805605,1.01214,-0.628384
0,-0.321663,1.67016,-0.435819
0,0.145346,0.616436,0.226509
0,0.255053,-0.0565397,-1.30224
0,0.348289,-0.732468,0.775767
0,1.37206,-1.80556,1.37381
0,-0.411058,-0.130949,-0.912387
0,0.188468,0.0668149,1.07692
0,-0.741393,1.6608,0.664714
0,0.090969,-0.180784,-0.306569
0,-0.241344,0.168402,-0.209
0,-0.640529,0.174459,-0.836288
0,0.322467,-0.223067,0.696731
0,0.989074,0.988681,0.318105
0,0.434831,-0.322751,0.67764
0,0.790501,-1.56733,0.378347
0,1.36813,-0.35629,-0.574547
0,-0.419863,-1.50488,0.125984
0,0.0299655,0.197027,0.415977
0,-0.797993,0.273199,0.443199
0,-0.488392,0.420118,0.0807066
0,-0.63119,0.282789,-0.290711
0,0.697065,-0.239166,-1.28977
0,0.266987,0.229403,-1.08114
0,0.750536,0.698221,-0.86998
0,-0.659626,-0.142008,-0.758852
0,0.640397,0.148972,-1.09356
0,-0.822471,1.18772,1.53556
0,0.538729,-0.211275,-0.439963
0,0.549699,0.0759205,-1.61007
0,1.03187,1.3458,0.737253
0,-1.09161,-0.636826,-1.85772
0,1.59605,-0.356739,2.33329
0,1.95523,-0.903426,-0.708268
0,0.46619,-1.75454,-0.438259
0,-0.538159,1.85117,0.161018
0,-0.284767,-0.631485,0.89405
0,-0.496711,-0.050283,-0.639123
0,-1.51754,-0.996035,-0.501972
0,-0.263255,-0.219424,-0.0889197
0,-0.488688,1.34913,0.947984
0,-0.135109,0.254258,-0.372088
0,-2.84349,0.020493,0.305614
0,-1.61266,0.499411,-0.280577
0,0.337934,-0.250399,1.25095
0,0.226229,1.00242,1.08473
0,-1.11956,-0.739017,0.451611
0,-0.365537,-0.238607,1.28656
0,-0.310366,-0.968929,-0.8338
0,2.18236,-0.178219,-1.36425
0,-1.76946,-0.624637,-0.196522
0,0.949174,0.852345,-0.00634642
0,-0.454169,0.339602,-1.74875
0,1.98108,0.654106,0.86699
0,-1.07415,1.28265,-0.460017
0,-0.952558,-0.0391724,-0.0625552
0,-1.07854,-0.894937,-0.973232
0,-0.963715,-0.388098,-1.38899
0,-0.691374,1.04513,0.823309
0,-1.04988,0.958205,-1.96644
0,2.42914,1.30031,-0.559732
0,0.382427,-1.40092,0.0604428
0,-0.183663,-0.834763,-0.468557
0,-0.566988,-1.13174,-0.858147
0,-1.44184,0.857331,-0.932113
0,-1.22202,0.841505,0.36962
0,0.804501,0.916083,1.93745
0,-0.15604,-1.45761,0.271038
0,-0.669005,-0.957505,0.0999252
0,0.865753,-0.835995,1.27439
0,-0.989614,-0.243903,0.386308
0,-0.387899,-1.776,0.927408
0,-0.623464,0.744898,-1.26414
0,-1.09344,0.862433,0.340508
0,-0.438586,0.355032,-0.954039
0,0.110259,0.128554,-0.373782
0,-0.835286,0.0702486,-0.0549811
0,-0.465822,-1.03381,0.012477
0,-0.463322,-1.03466,0.0435298
0,1.60831,-0.366828,1.49778
0,2.11433,-0.953419,0.00904422
0,2.10373,-0.12108,0.0368121
0,-1.67001,-0.531662,0.555589
0,2.42928,-0.196007,-1.66263
0,-1.40525,-0.0357897,1.17721
0,0.637354,0.460256,1.30914
0,-0.720229,0.0190947,-0.520382
0,-0.271456,-1.00627,-0.343976
0,-0.0277156,-0.371472,-0.161061
0,0.405041,1.2387,1.31116
0,0.761422,-1.25998,-0.36041
0,-0.274285,-0.65715,0.342351
0,-1.59433,1.69357,1.19522
0,0.478202,-0.0621093,1.22884
0,0.689405,1.10664,-0.0590521
0,1.78931,1.16689,0.509536
0,1.25597,-0.419162,-1.1675
0,0.321551,-0.0570904,-0.197717
0,1.21631,0.167139,0.263569
0,-0.327053,0.881123,0.701876
0,0.87366,-0.497264,1.30409
0,1.83877,0.842038,-0.809288
0,-0.802202,-0.375377,-0.564377
0,-0.0710926,0.632442,0.289952
0,0.202289,-0.241203,-0.0738459
0,0.796576,-2.01196,-0.0113904
0,0.287988,0.783583,-1.01005
0,-1.06291,0.583955,-1.90445
0,1.33219,0.226592,1.55872
0,-1.08707,-0.43636,-2.40787
0,-0.79569,-0.183847,-1.96271
0,-0.394627,-1.98734,-0.25746
0,1.14711,-0.0349798,1.65821
0,0.786293,1.34815,-0.764945
0,-0.789142,0.345613,-1.5777
0,0.471144,-0.32392,1.33
0,0.679512,1.09671,-0.754206
0,1.04821,1.44471,-0.0387138
0,-0.739351,-0.721787,1.23901
0,2.68435,-0.981645,-1.05852
0,0.921414,-0.753914,1.01836
0,0.465346,-0.0239773,0.441272
0,0.380198,-0.179606,-1.75636
0,0.178651,1.57306,-1.60877
0,-0.965785,0.426827,0.0385919
0,0.411182,-0.699318,1.16246
0,0.0469006,0.696986,0.320277
0,0.175495,0.626834,0.186488
0,-1.1902,1.08736,0.818127
0,-2.10685,-0.6542,1.04236
0,-1.82693,0.943567,-0.141223
0,1.34028,-0.00114679,-0.722068
0,0.308086,-0.0303855,-0.810851
0,2.21834,-0.971098,-2.24296
0,1.5817,-0.583564,-0.296773
0,-0.357906,-0.569651,-0.766192
0,-0.996817,0.0647598,-0.401988
0,0.730362,0.482694,-0.927512
0,0.108521,-0.417838,-0.99166
0,0.689432,-0.121325,-0.40755
0,-0.855567,-1.02794,1.98877
0,0.334119,-1.09113,0.287866
0,1.06202,0.167518,1.37402
0,-1.54281,-1.99132,0.260517
0,0.276496,-3.3395,-0.623576
0,-1.00866,-1.39195,-1.01104
0,0.595788,-1.01741,-0.983122
0,-1.61881,1.26891,0.434632
0,-2.49236,-0.98224,0.528518
0,1.28139,0.840839,-0.355683
0,-1.93138,0.870249,-0.296897
0,0.068862,-0.17742,-1.35553
0,0.36425,0.226459,-0.425789
0,0.471106,-1.374,-0.269003
0,0.0261274,-1.73493,-0.0570966
0,0.733645,-0.303231,-0.0341149
0,0.562344,-0.3878,-0.297797
0,-1.1767,-0.0149368,-0.334848
0,0.49909,0.56346,0.791209
0,-0.50826,-2.17658,0.74164
0,0.431121,-0.635292,0.55494
0,-1.44859,1.03024,-0.333625
0,-0.828928,-0.621702,-0.231485
0,-0.0120121,0.0482803,-0.429607
0,0.20024,0.00827928,-0.647573
0,-0.798191,0.608366,0.524326
0,0.0571364,0.924195,-1.96133
0,-0.564395,-1.15632,2.25627
0,0.71322,-0.079062,0.784991
0,1.11628,1.10563,0.921704
0,-0.26254,-0.501365,-0.962189
0,0.502447,-0.158936,-0.418471
0,-0.470661,1.45019,0.95268
0,1.83039,0.529016,0.0569544
0,-0.0254024,-1.0203,-1.26142
0,0.507341,-0.934679,0.211458
0,1.11547,-0.665454,2.01048
0,-0.990695,0.990195,0.424756
0,1.1941,-1.1162,2.30702
0,-0.178775,0.676648,1.44449
0,-0.604662,0.825726,-0.77147
0,1.39696,-0.760181,0.038507
0,0.306121,0.7843,1.96848
0,-0.451969,1.13873,1.97026
0,0.165733,-0.550133,-1.73003
0,1.88328,-0.244444,-1.00136
0,-1.35833,-1.00321,0.919705
0,1.05787,0.652122,0.132338
0,-1.24552,-0.729941,-1.10662
0,0.572821,-1.06331,-0.714246
0,-0.183487,-1.6698,0.0467714
0,-0.107153,1.18421,-0.819866
0,-1.2992,-0.37406,-1.09809
0,0.0391546,-1.85993,-0.605345
0,-0.928372,0.567757,-0.810565
0,-1.7361,-0.20182,0.319886
0,-0.271205,-0.611323,-0.671562
0,0.112948,-0.889449,-0.328483
0,0.750447,-1.30132,-0.043667
0,-1.78899,0.22793,-0.978809
0,1.01959,-1.47695,0.442079
0,1.22113,-1.03069,-0.861885
0,-0.944196,-0.485863,0.517422
0,-0.567505,-1.12096,-2.01875
0,1.60195,1.6805,0.560237
0,-0.810384,0.747702,0.948707
0,-0.254248,0.0413686,1.23177
0,-1.64046,0.998423,-0.309154
0,-1.11258,-1.03031,-0.864722
0,-1.21007,1.77139,0.491203
0,1.06448,0.562368,0.0612276
0,0.0747554,-0.397513,-0.315782
0,-1.4081,1.08183,-1.81323
0,-1.05861,2.01203,0.136173
0,0.17771,0.637339,-1.54034
0,-1.39379,-0.444894,-0.903361
0,-0.074956,0.485549,1.38916
0,0.811088,-0.994277,-0.374964
0,-0.646945,-1.01656,-1.24418
0,1.66431,0.0106422,-0.22423
0,0.484258,0.533746,1.11883
0,-0.743662,0.402722,-0.911174
0,-0.190158,0.0567426,0.154484
0,0.110321,0.801831,-0.596988
0,0.181674,-0.758905,2.92075
0,-0.912864,-0.700653,0.882648
0,-0.429465,0.883046,0.153023
0,-0.403189,-0.752755,-0.788837
0,-0.392321,-0.174396,-0.831881
0,-0.109232,-1.09412,0.755901
0,0.947362,-0.704325,-0.760173
0,0.177917,1.26537,1.48666
0,-1.40274,1.0063,-0.0615532
0,-0.0421896,0.504712,-0.480957
0,1.0967,1.42396,1.46128
0,-1.84391,-0.229657,-1.93523
0,-0.76528,-2.3975,0.450267
0,0.21931,-0.432601,-0.791148
0,0.314032,-1.01142,-1.07946
0,-1.20242,-0.203841,-0.582308
0,-0.384238,0.521809,0.963297
0,1.45048,0.060137,0.347589
0,0.188846,-1.67419,-0.369697
0,-0.365098,-0.510813,-0.0409393
0,-0.219481,-0.986327,-0.151026
0,-0.63905,-2.61924,-1.39707
0,0.0889143,1.09189,-2.4272
0,-0.870392,0.431454,0.878195
0,-0.420114,-0.682782,1.21971
0,0.796093,0.858618,-0.468064
0,1.11369,-1.94507,1.13123
0,-0.0665322,0.128934,-0.945253
0,-1.81403,0.107704,0.551395
0,0.702692,0.594779,0.368162
0,-0.923786,0.767476,-1.03562
0,1.10706,-0.083982,-0.0507093
0,0.865927,1.00147,0.770639
0,-0.820458,0.76267,-0.81479
0,0.787901,-1.42516,-0.0936801
0,-0.820891,0.869936,1.11517
0,0.198997,0.166109,0.704177
0,1.12111,0.0373112,-0.499675
0,0.647267,-1.85873,0.909652
0,-0.710187,-0.240228,0.916051
0,-0.415509,0.647409,1.13891
0,0.110033,0.311448,-0.119436
0,0.115598,-1.1164,-0.293738
0,-1.28821,-0.898767,-2.00295
0,0.263928,1.6916,-0.456106
0,0.965134,1.12569,-1.19914
0,-0.983794,0.990798,-0.0923414
0,-1.29079,-0.63686,0.41966
0,-0.793936,-2.77454,-0.322013
0,-0.240993,0.00922644,1.25888
0,0.0535228,0.242937,1.05554
0,0.010344,2.13652,-1.26371
0,-0.934148,0.613958,1.25431
0,-0.200795,-1.01062,1.76099
0,-0.792369,0.339054,1.31415
0,-0.441605,-0.622128,-0.553688
0,0.901551,1.06015,0.0337253
0,1.88308,0.0319665,1.29233
0,-0.432002,2.33376,1.57013
0,-0.127975,1.43454,1.38398
0,1.55304,-2.48199,0.719351
0,0.542299,0.471073,0.218346
0,0.247811,1.28314,0.539473
0,0.216906,1.13938,0.418026
0,0.513568,1.86704,-0.434481
0,-1.51571,0.0723635,0.214543
0,0.721529,0.107316,0.755119
0,2.50462,0.801514,0.977315
0,-0.129531,-1.38526,-2.29811
0,-0.518681,-2.58037,0.513549
0,-0.382817,-1.31337,0.130874
0,-0.738632,0.450776,0.707626
0,-0.701834,-0.237281,0.214896
0,-1.40704,0.214808,-1.43102
0,0.565717,-0.435164,-1.43654
0,-0.579974,-0.537675,1.06852
0,0.173305,-0.956277,1.64907
0,0.62649,-0.336322,-1.55383
0,-0.424594,-0.220513,0.369032
0,0.607256,0.806582,-1.61147
0,0.208505,-0.159616,2.67798
0,0.0646945,-0.622653,0.110369
0,-0.00856826,-1.98904,0.408304
0,-0.310558,-0.0266912,-0.873569
0,-1.09391,0.878882,1.10846
0,0.418099,-1.8108,0.483063
0,-1.79594,-0.661176,0.865558
0,0.657598,0.456967,1.3129
0,0.560015,-2.01902,-0.369531
0,-0.0416085,-0.158742,-0.617135
0,-1.03016,2.40074,-0.388745
0,2.3516,-1.14129,0.65706
0,0.229641,-0.92195,-0.467557
0,-0.0151301,-0.844117,-0.256141
0,-2.3649,0.711516,1.22715
0,0.454364,2.26426,0.682096
0,1.14281,1.23836,-2.75101
0,0.423673,-1.38293,-1.1809
0,-1.00697,-0.312716,0.65046
0,0.43399,-0.0125814,0.722683
0,0.783486,0.442624,-1.7245
0,-0.739333,0.0263278,0.733453
0,-1.32858,-0.0113452,-1.56562
0,1.02592,0.242347,-1.34614
0,-1.35273,0.387432,1.3748
0,-1.09679,0.786604,-0.542238
0,0.823194,0.683191,0.1553
0,-1.83439,0.681186,0.502019
0,0.41043,0.195674,-0.878787
0,1.08296,0.89814,-1.07542
0,1.3143,0.131669,0.129137
0,-0.176355,-0.0779934,1.3709
0,1.03307,1.01185,0.184564
0,0.889172,-0.834313,0.583443
0,-0.153488,-2.0598,-1.5861
0,-0.662979,0.415154,-0.66208
0,-0.591117,0.763261,-0.555012
0,1.33081,1.16512,0.0218813
0,0.753461,0.61724,-0.245665
0,0.861635,1.0089,-0.952435
0,0.153549,0.142504,0.84962
0,-0.443858,-0.59776,0.169
0,1.18136,-1.19938,-1.02481
0,-0.520505,-0.342577,-1.76558
0,1.4982,-0.130307,-0.280105
0,1.62264,0.717793,-0.535422
0,0.164608,-0.0417371,1.44835
0,-0.167424,-1.44206,-1.87722
0,1.47516,-0.788615,0.670212
0,0.0717634,-0.416655,-0.259847
0,1.58338,-1.44806,-0.386455
0,0.906566,-1.28314,1.31728
0,0.89225,0.271796,-0.503157
0,-1.41157,0.707046,2.74865
0,0.145893,-1.82605,0.457516
0,0.860263,-0.917852,-0.645512
0,-0.747378,-0.531364,-0.172163
0,-0.860901,-1.23584,0.174375
0,-0.182662,-0.436242,0.0831897
0,-1.52018,0.263203,-0.415688
0,0.239489,0.399649,1.13115
0,0.102954,1.06672,-0.321913
0,-0.274178,-0.0909282,0.774125
0,0.630959,0.135072,-1.22774
0,0.613059,-0.861405,-0.915897
0,-1.13849,-0.0831687,1.21172
0,-0.965361,1.67858,0.90981
0,-1.4646,-0.382775,-1.04025
0,0.664955,-0.988163,-1.62112
0,-0.325726,1.16939,-0.192516
0,0.398444,0.437231,-1.51228
0,-0.899374,0.00646418,-0.557355
0,1.70445,-1.22832,-0.90926
0,0.290544,-0.627893,-2.89183
0,1.93468,-1.07431,0.560893
0,-1.25339,-0.863035,-1.62293
0,-0.741193,-0.644282,-0.132566
0,-0.372569,-1.44152,-0.5239
0,1.44701,1.32839,0.455687
0,0.663099,2.06082,0.571248
0,0.64419,-1.56458,-1.11263
0,-0.0326903,-0.807442,-0.997955
0,-0.882459,-1.42357,-0.791384
0,0.339436,1.79632,0.796982
0,0.636155,-1.62353,0.119297
0,-0.06696,0.290741,-0.360687
0,1.66208,0.0527755,0.150223
0,-1.96244,-0.106676,1.14926
0,0.555576,-2.15559,-0.449675
0,1.7319,-0.150641,0.322416
0,1.61901,-0.154614,0.79103
0,0.411396,0.625149,0.379216
0,-0.54763,-0.447798,-0.854576
0,-1.63971,1.24453,0.010083
0,1.19416,1.56537,0.0534175
0,-1.31349,-0.196188,-0.671144
0,-1.98015,-0.501729,-0.0715372
0,-0.643324,-0.771545,-1.27754
0,0.195922,1.86927,1.27862
0,0.653627,0.675409,-0.132643
0,-1.80451,-0.369432,-0.969278
0,0.154697,1.23321,1.97341
0,0.064621,-1.66716,0.0626761
0,0.0898562,0.678844,-0.0191955
0,0.0665183,-0.632061,-0.311902
0,0.513232,-2.00848,-0.317289
0,0.6879,1.64073,-0.398336
0,1.18537,1.69002,-0.385382
0,-0.558209,-0.182074,-0.0819518
0,1.09082,-0.773725,1.53807
0,-0.800758,-1.26442,0.523777
0,1.23056,0.178655,0.435084
0,1.9543,1.24465,0.0309254
0,-0.431147,1.09506,0.829284
0,0.418577,-0.327014,-0.0763897
0,-0.14752,-0.310369,-0.601148
0,0.265199,-0.646315,0.177379
0,-2.09987,-0.599874,1.09833
0,-0.900429,0.592102,-0.817284
0,0.775786,-0.297109,-0.336647
0,0.0543515,-1.34343,0.972091
0,1.30343,-0.360031,0.524204
0,0.778911,-0.0912576,-1.10825
0,1.59408,-0.392522,-0.609135
0,1.63879,0.610059,0.25743
0,-0.970761,0.802804,2.89652
0,0.880508,0.496089,0.721093
0,-0.328115,-0.337651,-0.350445
0,-0.57495,-0.352445,-0.357107
0,-0.244685,-0.272678,0.243012
0,0.078793,0.167362,1.5223
0,0.0767342,2.21089,0.35269
0,-0.44726,1.34958,-0.0795273
0,-2.39368,-0.00400314,-0.249176
0,1.60655,-0.897567,-0.332655
0,1.26764,0.394409,-0.171457
0,-0.756486,0.351746,-0.0293011
0,-0.767829,-0.715847,-0.814472
0,-0.992556,0.934034,0.799393
0,0.935674,0.00449955,-0.242629
0,-0.224382,1.0211,-1.82015
0,-0.514486,-0.887346,1.35989
0,-0.477458,-1.63599,0.223424
0,-0.370114,-0.556929,-0.660032
0,-0.699485,0.70856,0.223787
0,-0.197966,-1.09824,-0.168893
0,0.260628,0.298654,0.160884
0,-0.922593,-2.40318,1.79962
0,-1.30964,-1.96496,0.130516
0,-1.70852,-0.804799,0.54885
0,1.77269,0.387512,-0.439159
0,-0.0514196,-1.80859,-0.450752
0,-0.449782,0.153329,1.94219
0,-1.9368,-0.407678,-1.83351
0,-0.503364,-0.864602,-1.49435
0,0.913092,0.255648,0.795856
0,-0.531654,-0.0707165,1.59464
0,-0.00272021,0.807957,-0.617456
0,0.716017,-0.548919,-1.89642
0,-0.00758287,-0.470303,-1.62478
0,0.191493,-0.893526,3.09264
0,-1.46444,-1.21292,0.869551
0,-0.133022,0.849202,0.380391
0,-0.582307,-1.37909,1.07108
0,-1.28845,0.558906,0.918999
0,-0.126918,-0.304148,-0.983726
0,0.462743,-3.04593,0.715726
0,0.119476,-0.222816,0.242302
0,-1.37356,-2.41299,0.468575
0,1.31655,-1.7394,-1.05248
0,0.752325,0.35889,2.96311
0,1.07566,0.835424,-0.763789
0,0.524806,1.49541,-0.164391
0,-0.117215,0.141354,-0.664499
0,0.268964,0.243972,1.47999
0,-0.189392,0.674729,-0.159565
0,0.639759,-0.250058,0.573473
0,0.728236,-1.06666,1.10238
0,-0.166477,-0.469797,-0.710008
0,0.2982,-0.00462169,0.370807
0,0.390221,0.608585,2.77628
0,0.0396919,-0.734573,-2.01981
0,-1.19532,1.23535,0.719925
0,-1.34999,2.46421,0.326764
0,0.460317,2.24423,1.73946
0,0.781137,0.829214,0.922785
0,-0.240967,0.286793,0.57432
0,-0.126783,-0.96542,-0.26613
0,-0.987933,0.0643726,-1.78046
0,0.341039,-1.63127,-0.403473
0,0.504101,0.791147,0.672359
0,0.319734,-1.11927,0.980608
0,-1.0964,1.09458,0.627705
0,1.3589,0.0248685,-0.818764
0,-1.29265,-1.18158,-1.63677
0,0.942003,1.06742,0.5537
0,-0.0330409,2.06096,-0.0981485
0,0.220917,-0.0478515,-0.338308
0,0.630974,-0.633497,-0.700578
0,0.681469,-0.497608,0.133482
0,-0.341328,-0.0115513,-0.673289
0,-0.640589,-0.819732,0.84333
0,0.171885,0.918551,1.02539
0,-0.459914,0.881585,-0.0141207
0,-0.158674,1.25237,0.553768
0,-0.352424,0.488793,-1.26571
0,0.247313,-1.49959,-0.9844
0,0.58464,-2.67025,1.80251
0,0.834493,-1.83853,2.3985
0,2.6741,-0.180492,-0.926489
0,1.6863,-0.34379,0.16104
0,1.21729,-0.153511,-0.241054
0,-1.2724,-0.630543,-0.26077
0,-1.23856,-1.14794,0.0336013
0,-1.8497,-0.879163,1.94459
0,-0.345469,-0.470723,-0.349946
0,-0.334152,0.574869,0.504866
0,-0.390758,-0.213837,1.31277
0,-1.5103,-0.057582,0.135247
0,-0.776683,-0.115137,-0.911676
0,0.637169,-1.33821,1.06233
0,-0.0733052,-0.448034,-1.0047
0,1.03066,-0.651862,-1.16725
0,1.05146,-0.904306,-0.0944823
0,0.818804,0.157958,1.73085
0,-0.83495,-0.210511,-0.133178
0,0.621235,1.28862,0.0736165
0,-0.137664,-1.48299,0.112381
0,-0.6503,0.618436,-0.409684
0,-0.240638,-1.46027,-1.81145
0,1.86099,0.129684,0.404335
0,-0.912295,0.875524,0.69514
0,-0.802427,-1.05951,-0.732528
0,-0.0282827,0.167107,0.038394
0,1.29873,-0.714957,-1.08666
0,9.90405e-05,-1.69308,0.695737
0,0.0979633,-0.338038,-0.393553
0,0.909996,0.878148,-0.246372
0,0.591769,0.86337,0.335526
0,-0.205465,0.381168,-1.03909
0,0.0711056,-0.233126,-0.389866
0,-1.72652,-1.0276,-0.485895
0,0.895039,0.285823,0.939674
0,1.24291,0.329309,0.140293
0,-0.972994,1.98667,-1.41784
0,0.118734,0.832799,0.846738
0,-1.15509,-0.419903,-0.798955
0,-1.98043,0.130327,-0.717615
0,1.50548,0.615174,0.041402
0,-0.4727,0.115116,-0.255874
0,0.0695391,1.90164,-1.06476
0,-0.168642,0.706388,-0.400141
0,1.58054,0.678459,-0.71889
0,0.204069,-0.704609,-0.796658
0,-0.140198,1.26376,0.745445
0,-0.0225776,0.781186,0.268619
0,-1.16989,-0.145138,-0.0731596
0,0.76169,-0.566471,-0.912665
0,-0.045547,-0.645424,-0.323509
0,-0.0808796,-0.383044,0.963183
0,1.4143,0.862911,-1.7712
0,-0.641974,-0.178652,-1.84627
0,-0.875892,-0.19143,-0.448974
0,0.00865018,-1.38083,-0.460282
0,0.15191,0.0102015,0.446894
0,0.388574,-0.407107,0.120119
0,-0.799993,-0.270228,-1.05562
0,1.06542,-0.273494,1.06394
0,0.311496,-0.885662,0.251107
0,0.809718,-0.0775809,0.0740294
0,-0.551457,0.0241032,0.237898
0,-0.578816,-1.0793,1.28797
0,0.60412,-0.547658,0.219657
0,-1.47858,-1.97707,1.08413
0,0.229551,-0.0477025,0.232657
0,3.22613,0.869095,-1.04544
0,-1.68038,1.05454,0.856096
0,0.575061,-0.812879,0.363285
0,-0.723345,0.662782,0.982657
0,-0.543473,1.13181,0.114852
0,0.491873,-1.30963,0.232214
0,-0.675584,0.474633,1.46716
0,0.28952,-0.900855,0.626466
0,0.401789,2.0586,0.253968
0,-0.585475,0.770641,-0.127678
0,0.0802509,-0.928476,-0.122435
0,0.0308047,-0.128349,-0.590887
0,0.288229,-0.923472,-1.15899
0,0.709536,0.61775,-1.3076
0,-1.82956,-1.00874,-0.128299
0,1.15435,-0.152745,-0.769361
0,0.148586,-0.114016,-1.38101
0,-1.37506,-1.3482,2.47985
0,0.859982,-0.593716,1.10827
0,-0.568056,1.07518,0.0803064
0,-0.658851,0.67982,0.13752
0,0.398268,0.215507,0.205015
0,0.800554,2.58381,1.24879
0,0.219645,-0.310607,-0.200735
0,-1.25613,0.664544,-1.01492
0,-0.372454,0.670349,-0.237325
0,-0.492288,-1.19748,1.20533
0,-0.833222,-0.585876,-1.79173
0,-0.0198611,-0.333295,0.181858
0,-1.17463,0.734181,-1.83921
0,-0.0921775,0.115488,0.057774
0,0.157755,0.788672,1.3247
0,-0.155608,-0.967843,0.560717
0,-0.280239,1.26462,-0.601967
0,-0.858011,0.143794,-1.74042
0,-0.467429,-0.329841,0.220472
0,-0.996272,-0.8795,1.15691
0,-0.0134615,0.864637,-0.541787
0,-0.054451,0.214534,1.74755
0,-0.217618,-0.166269,1.09815
0,-0.379811,0.284629,1.01096
0,-0.575842,0.340462,1.74555
0,0.921318,0.284933,-0.224321
0,-0.604318,-0.988186,1.50962
0,1.31547,-0.657114,0.337687
0,0.111327,1.18442,0.382801
0,-0.0228188,-0.541686,0.340868
0,-0.348183,0.220685,-0.0759711
0,-0.372492,-0.972741,0.514195
0,0.0425704,1.78742,-1.03234
0,0.625298,-0.0826464,2.09976
0,0.548972,0.324689,-0.0801024
0,-0.703121,0.311393,-1.3823
0,-1.33628,1.01244,-1.76212
0,-0.319574,-1.04913,-0.402471
0,0.184545,0.984555,1.21763
0,-0.918953,-0.465958,4.05255
0,-0.250015,-0.882211,-0.715801
0,-0.24414,-0.392737,-0.23437
0,-0.0214264,-0.0284077,-0.955486
0,0.369331,0.121047,0.496582
0,-1.71445,0.156844,-1.9856
0,-0.175571,0.657936,1.04578
0,0.33446,0.675391,-0.299005
0,-0.509168,2.69276,0.82716
0,-1.17298,-1.73466,-0.465069
0,1.19187,0.0487392,-2.22402
0,-0.177293,-0.00240155,-2.41567
0,0.0241662,-1.01337,-1.83555
0,1.60451,-1.0576,-0.667285
0,-0.680583,0.00223872,1.76631
0,-1.19619,-0.306804,0.120862
0,-0.868792,-0.322886,0.5945
0,-0.755705,-0.338643,-0.431354
0,-0.103807,0.243152,0.586561
0,1.93755,-2.65848,-0.167391
0,-1.36444,-0.38537,0.880867
0,1.19779,1.24471,1.23529
0,-0.173935,1.39853,1.59685
0,0.1388,1.17724,0.041237
0,1.41023,-0.161663,-0.60952
0,-1.11999,-0.173629,0.0843882
0,-0.945853,-0.250108,-0.526549
0,-1.07698,1.03588,1.2119
0,1.03143,-0.0841557,-0.0223828
0,-1.06317,0.414633,0.169632
0,2.84395,1.0871,0.315245
0,-0.0416093,1.00131,-0.915739
0,1.13964,-1.08714,-0.561524
0,-1.83818,0.614076,0.249929
0,-0.561483,-0.929139,1.37872
0,-0.133604,-0.767295,1.92193
0,-0.657063,1.13862,-1.15099
0,-0.354946,0.502291,-0.0578369
0,0.243763,-0.538835,-1.5978
0,1.46558,-0.477828,0.289012
0,0.701957,0.308758,-0.708591
0,1.15977,0.513679,0.198774
0,0.175585,1.68226,-0.730062
0,0.415256,-0.52863,-1.93631
0,-1.96273,-1.01464,-0.658443
0,2.17295,0.698388,0.788343
0,-0.637078,0.0613271,2.30615
0,-1.21442,0.456239,1.6113
0,0.965943,1.80154,0.212865
0,0.603453,0.109774,0.533346
0,-0.915206,0.792348,0.294248
0,0.0626594,1.74639,-0.265385
0,1.20782,1.30728,0.855544
0,-0.9651,0.359078,1.95847
0,-1.81855,-0.187658,1.16231
0,-0.115321,0.809888,1.40919
0,0.232006,0.508991,0.0918709
0,0.297806,2.1026,-0.0639485
0,-0.353154,1.04175,-0.842922
0,-0.614721,-0.608345,-0.255875
0,-0.212199,0.6991,-0.342362
0,0.739463,0.864181,-0.653511
0,0.842706,0.933419,-1.76094
0,0.293481,-0.506408,1.30306
0,-0.516606,-1.33948,-0.0298168
0,-0.896972,0.849585,-0.808612
0,-0.0175064,1.54581,1.09853
0,0.477839,-0.127578,0.382896
0,0.688984,-0.986602,0.851337
0,-1.10169,0.572452,-1.10689
0,1.9628,0.763342,-1.55603
0,-0.000926628,-0.521422,-0.639727
0,0.147104,-0.927994,0.761466
0,0.704654,0.351425,-0.0195045
0,0.659818,0.791385,0.454918
0,-1.31187,-0.788386,-0.268061
0,-1.47579,0.224003,1.41101
0,1.25169,0.739626,0.727712
0,2.2153,0.843864,0.925636
0,-1.43891,1.33282,0.398497
0,-0.0797843,-0.327638,-0.548595
0,1.25678,-0.0283589,-0.511679
0,-0.771547,0.170599,-0.35961
0,-0.587756,-1.38216,0.959357
0,-0.138023,-1.08524,-0.271236
0,0.549132,0.0288409,0.190994
0,0.0425483,-1.27686,0.948509
0,-1.70825,0.461537,0.615571
0,-0.219844,0.353423,-0.277135
0,0.365495,0.992923,-0.792126
0,0.673965,1.6924,0.264565
0,-0.503104,2.26323,0.0887062
0,0.23153,0.252374,0.447863
0,-0.338875,0.189991,0.952184
0,-0.373401,-0.419994,-0.292084
0,-1.09777,-0.682839,-0.72358
0,-0.00052253,0.836146,1.45371
0,0.0571886,0.45647,0.243394
0,-2.09344,-1.14789,0.761264
0,0.858485,0.835608,-0.177812
0,-1.99483,-1.02852,-0.875508
0,0.628769,-0.357371,1.6904
0,1.46764,1.6737,-0.916513
0,0.490891,-0.477524,0.327872
0,-0.805614,1.22616,-0.786932
0,-1.94724,2.03378,0.442497
0,-1.06913,-0.162271,-0.576857
0,0.00574144,0.802781,0.645779
0,0.253729,0.0052531,1.07867
0,-1.92546,-0.748933,-0.978663
0,1.00626,-0.739093,-1.28596
0,0.549328,-0.908748,-0.350727
0,2.38114,0.787139,-0.211041
0,-0.121128,0.907488,0.66287
0,0.0755995,0.10356,-1.47985
0,-1.69001,-0.176822,-0.633285
0,0.586079,0.19718,-0.772774
0,0.163198,-0.418233,2.0666
0,0.386242,-1.56061,1.82052
0,-0.633149,-0.974737,2.14369
0,0.345837,0.700766,0.73306
0,-0.20599,-0.572405,-0.409257
0,1.60887,0.203788,1.31292
0,-0.0764451,-0.755384,-1.44222
0,0.648003,1.6941,-0.885973
0,0.513373,-1.37562,-0.555697
0,0.267937,-1.72829,-0.0180233
0,-0.8367,0.604759,-0.165401
0,0.939439,-0.279598,-1.36238
0,-1.48696,-1.90901,0.632958
0,2.55773,0.435238,1.67205
0,1.13357,-0.518336,1.26532
0,-0.478575,-0.458708,-0.208592
0,-0.161198,0.66137,-0.670887
0,0.889103,0.874744,0.342964
0,1.93961,1.28739,1.06973
0,0.0661534,0.351766,0.523807
0,0.0132414,-0.375569,-2.40571
0,0.717766,1.04145,-1.16112
0,0.605169,-0.591527,-0.366529
0,1.31076,-0.990634,-0.992148
0,1.80483,-0.145557,1.24655
0,-1.5987,-1.5186,-0.912944
0,-0.481461,-1.40329,0.369296
0,0.434594,-0.898143,-0.818599
0,-0.686781,-1.16489,-2.89556
0,-0.0850403,-0.430438,-0.328146
0,-1.0118,0.810498,2.42539
0,-0.834085,1.3997,0.36665
0,0.0354199,-0.344123,-0.0832169
0,1.14959,-1.13808,-0.275007
0,1.249,0.983715,-1.12259
0,-0.182592,0.728008,0.663428
0,0.975135,0.384286,0.551953
0,0.342796,1.57973,-0.421811
0,0.0481912,-1.01497,-1.21202
0,0.324957,-0.724186,-0.0576856
0,1.61775,1.55994,2.22404
0,1.63765,2.40302,0.43653
0,-0.903021,-1.00039,1.39633
0,0.0516265,0.126132,-0.549071
0,-0.429174,0.383759,-1.05522
0,0.257138,1.51108,-2.13364
0,-1.54131,0.67561,1.36397
0,-0.489893,-1.99824,1.43192
0,-0.811065,-0.361246,0.319045
0,-0.666433,-0.87613,-0.8578
0,1.85793,1.15961,0.574517
0,-2.18643,0.578192,0.5242
0,-1.27813,0.25871,1.05149
0,0.569366,-0.680169,0.0132646
0,0.730357,0.059452,1.25428
0,0.395682,0.752923,0.821401
0,-1.06668,0.049986,-0.332354
0,1.04385,0.463233,-0.188212
0,-1.28185,-1.59691,0.310343
0,-0.717213,0.666126,-1.64314
0,1.59295,0.663864,0.0991851
0,1.68306,0.948418,-0.475003
0,0.0775763,-1.96427,1.06419
0,-0.295952,-1.97722,-1.18184
0,0.870912,1.6138,0.0204255
0,-0.982051,-1.42075,1.41461
0,0.449468,-0.33014,-0.568272
0,0.67183,0.644318,-0.896584
0,-1.14237,-1.0919,-0.468225
0,-0.689785,1.61809,-0.503781
0,-1.24967,-1.1935,-0.183972
0,-1.82212,-0.0601207,-1.33621
0,1.15861,0.116562,2.12102
0,-0.228201,-3.13174,1.45768
0,0.501923,0.656908,-1.00258
0,-0.0428481,0.186461,-0.237821
0,-1.73436,2.76869,0.835829
0,0.420584,1.31389,0.644192
0,-0.677203,1.24978,0.852216
0,-0.639286,0.790015,-0.24057
0,0.208478,0.59965,1.3685
0,-0.645996,0.364962,2.01573
0,-0.176048,0.196557,2.01423
0,0.637477,-1.47398,-0.795478
0,0.689579,0.423005,0.16258
0,2.16122,-0.617487,-0.0744138
0,-1.96311,1.16066,-0.798852
0,1.05714,0.95203,2.3491
0,0.649276,-0.356087,0.453623
0,-0.759253,0.31916,-0.200903
0,-0.0703385,-0.898367,0.300446
0,0.82423,-1.6521,-0.688593
0,0.168047,-2.34732,1.74026
0,-0.711111,-0.938088,-0.207342
0,0.137373,-0.756473,0.980414
0,0.399707,-0.837242,-0.522405
0,-1.51677,-1.25334,0.387598
0,-0.826865,1.80428,0.0709232
0,-1.35282,-1.14335,1.05297
0,-0.0765136,0.991995,-0.366488
0,-0.560232,1.11945,-0.858577
0,0.489054,-0.211784,0.878723
0,1.81848,-0.392178,-0.547142
0,0.665808,-1.082,1.61647
0,1.44602,-0.99912,-1.58312
0,-1.16058,-1.14537,0.801761
0,1.54917,0.790126,-0.236192
0,0.342498,-0.869778,1.09721
0,0.432029,0.773198,-0.727536
0,-0.168597,0.725073,1.44351
0,-0.6081,0.780452,-0.712072
0,2.11719,-0.414825,0.643505
0,0.16561,2.6053,0.229902
0,-0.515056,0.639506,0.617241
0,-0.15747,-1.09477,-0.527999
0,0.881499,-1.74745,-0.248046
0,0.994864,-0.0934962,2.17371
0,-1.74465,-0.961368,-2.31463
0,1.99369,-0.944987,-1.98692
0,-0.611919,-1.39281,-0.604785
0,0.0412293,0.804921,-0.174669
0,0.0252907,-0.581595,-1.5117
0,-1.84654,-0.364486,0.0846398
0,-0.438615,-1.80933,0.2014
0,1.6293,-0.114647,-0.579531
0,-0.060494,-1.10438,-1.1689
0,0.451414,0.990322,-0.147098
0,-1.97377,0.353349,2.06738
0,-0.243898,-0.177846,-0.872634
0,0.481354,-0.670983,1.0215
0,-0.657581,0.341791,-0.0463443
0,1.55511,0.409479,1.38701
0,0.108624,-0.17074,-0.0381908
0,-0.771409,0.531669,-0.690358
0,0.112463,0.855202,1.58355
0,0.16286,0.861207,0.741888
0,-0.382377,2.1078,-0.576242
0,0.0909946,1.45412,1.42946
0,0.0143204,0.990417,-0.223972
0,-0.488679,-1.21279,0.723881
0,0.829221,-0.567889,0.2681
0,2.65099,1.14668,-0.901484
0,1.00156,-0.896862,-2.89522
0,-0.0204121,1.5632,1.39745
0,0.377235,-0.541729,0.48645
0,-0.26916,-0.513656,1.062
0,-0.526036,1.12724,-0.592186
0,2.05849,-1.64063,-0.956769
0,-0.155368,-1.98404,-2.57099
0,-1.97541,-0.292089,-0.26671
0,0.332999,-0.197001,0.299516
0,-0.450216,0.714816,0.59431
0,-0.326693,0.533011,-0.190646
0,-1.52233,0.904497,-0.906816
0,0.893824,0.324027,-0.0845223
0,-1.87699,1.53975,-0.363114
0,0.634564,-0.113974,-0.271435
0,0.192808,0.0265723,-0.266993
0,-0.0553146,0.427065,0.497819
0,0.0433572,0.620937,-0.42407
0,2.22489,1.48559,0.762443
0,-1.94158,0.606019,-0.336637
0,-0.978681,-0.362096,-0.867835
0,0.506803,1.61599,0.826029
0,2.76253,-1.55361,-0.506035
0,-0.943025,1.22937,-0.22055
0,0.189516,0.633686,-1.45479
0,-0.621349,0.997266,-0.548088
0,-1.71364,-0.902263,-0.286268
0,0.166761,-0.0708133,-0.614218
0,0.939313,-0.129061,0.209401
0,-0.560956,1.50894,-0.391631
0,0.0746929,1.035,0.280042
0,0.25509,-1.97366,0.680635
0,0.0555869,0.541565,0.183213
0,-0.559158,0.894307,0.198127
0,-1.28939,1.30852,-1.43048
0,0.900929,1.48693,-1.1063
0,-0.122762,-0.215948,-0.170971
0,1.83024,-1.09472,-0.306567
0,1.50332,-0.322949,-0.93578
0,0.263015,0.805641,-0.392841
0,0.554368,-1.37662,-1.32103
0,-0.440086,0.590017,0.761498
0,-1.18202,0.724421,0.166507
0,-0.879205,-1.33419,0.229823
0,1.28956,0.0355224,-0.934921
0,-1.86802,1.52949,1.04185
0,0.302077,1.47799,0.223919
0,-0.531037,0.555132,-0.829726
0,-0.995648,0.771607,0.855759
0,-1.27374,-1.2368,-0.44505
0,-0.711305,0.476489,0.0480498
0,1.16491,0.317258,-0.644577
0,-1.89113,0.179456,-1.71033
0,-0.656955,-0.721727,-0.508427
0,-1.31603,-0.725277,1.1459
0,1.14315,1.5325,0.0101465
0,0.271219,1.16061,-1.47066
0,0.805629,1.30234,-0.88896
0,1.38264,2.05772,0.777847
0,0.594504,-1.11978,1.0692
0,-1.02559,0.369741,0.471096
0,-3.29625,0.405803,2.62147
0,-2.09186,-0.0538921,-1.94712
0,-0.894141,-1.92978,0.159542
0,0.793605,0.409739,-0.930182
0,-0.609395,0.272273,-0.898924
0,-1.3288,-0.239127,-0.944708