0.227303,0.206058,0.187096,0.170543,0.156389,0.144489,0.134579,0.126301,0.119249,0.113004,0.107182,0.101462,0.0956144,0.0895104,0.0831225,0.0765127,0.0698134,0.0632028,0.0568799,0.0510405,0.0458586,0.041473,0.0379799,0.0354315,0.033839,0.0331782,0.0333982,0.0344295,0.0361924,0.0386047,0.0415874,0.0450699,0.048993,0.0533105,0.0579888,0.0630054,0.0683436,0.0739874,0.0799126,0.0860785,0.0924186,0.0988326,0.105182,0.111287,0.116936,0.121889,0.1259,0.128731,0.13018,0.1301,0.12842,0.125161,0.120438,0.114468,0.107556,0.100085,0.092496,0.085269,0.0789007,0.0738867,0.0707043,0.0697996,0.0715762,0.0763865,0.0845236,0.0962126,0.111602,0.130757,0.153645,0.180139,0.210011,0.242942,0.278545,0.316394,0.356067,0.397196,0.43952,0.482925,0.52747,0.573379,0.62101,0.670778,0.723058,0.77807,0.83577,0.895754,0.957224,1.01899,1.07953,1.13714,1.19008,1.23672,1.27573,1.30618,1.32761,1.34001,1.34376,1.33954,1.32815,1.31044
0.278069,0.253449,0.23157,0.212499,0.196157,0.18232,0.170642,0.160691,0.151991,0.144075,0.136528,0.129021,0.12134,0.11339,0.105192,0.0968662,0.0886053,0.0806442,0.0732298,0.0665938,0.0609313,0.0563871,0.0530488,0.0509465,0.0500585,0.0503198,0.0516334,0.0538824,0.0569411,0.0606865,0.0650066,0.0698076,0.0750176,0.0805877,0.0864893,0.0927076,0.0992323,0.106045,0.113104,0.120334,0.127613,0.134767,0.14157,0.147753,0.153021,0.157072,0.159634,0.160484,0.159483,0.156597,0.151912,0.145636,0.138099,0.129736,0.121063,0.112657,0.105124,0.0990701,0.0950816,0.0937002,0.0954072,0.100611,0.109635,0.122713,0.139978,0.161463,0.187094,0.216693,0.249983,0.286605,0.32614,0.368142,0.412181,0.457889,0.504999,0.553384,0.603062,0.654185,0.706991,0.761733,0.818584,0.877533,0.938297,1.00026,1.06246,1.12361,1.18219,1.23658,1.2852,1.32666,1.35986,1.38412,1.39914,1.40505,1.40225,1.39142,1.37331,1.34868,1.31825,1.28258
0.383479,0.352578,0.325268,0.301483,0.280986,0.26339,0.248189,0.234811,0.222673,0.21124,0.200077,0.188883,0.177508,0.165961,0.154382,0.143019,0.132188,0.122225,0.113454,0.106148,0.100505,0.0966383,0.0945701,0.0942382,0.0955091,0.0981965,0.102083,0.10694,0.112552,0.118732,0.125333,0.132257,0.139451,0.146902,0.154613,0.162589,0.170811,0.179207,0.187642,0.195899,0.203687,0.21065,0.216399,0.220545,0.222742,0.222733,0.220388,0.215735,0.208973,0.200474,0.190768,0.180517,0.170473,0.161437,0.154218,0.149583,0.148233,0.150764,0.157655,0.169253,0.185769,0.20728,0.233734,0.264959,0.300681,0.340539,0.384109,0.430934,0.480554,0.532541,0.586534,0.642259,0.699537,0.758282,0.818459,0.880038,0.94292,1.00686,1.07142,1.13588,1.19927,1.26038,1.31782,1.37014,1.41591,1.45389,1.48306,1.50278,1.51272,1.51296,1.50385,1.48601,1.46022,1.42732,1.38819,1.34364,1.2944,1.24106,1.18414,1.12404
0.586355,0.545549,0.509599,0.478195,0.450827,0.426829,0.405451,0.385933,0.367583,0.349843,0.332344,0.314928,0.297648,0.280747,0.264607,0.249693,0.236489,0.225435,0.216871,0.211007,0.207897,0.207442,0.209403,0.213436,0.219128,0.226045,0.233776,0.241971,0.250369,0.25881,0.267227,0.27563,0.28407,0.29259,0.30119,0.309777,0.318152,0.325993,0.332882,0.338338,0.341877,0.343077,0.341648,0.337487,0.330724,0.321736,0.311137,0.299749,0.288543,0.278572,0.270897,0.266523,0.266333,0.271049,0.281207,0.297147,0.319024,0.346825,0.380395,0.419473,0.463712,0.512712,0.56604,0.62325,0.683892,0.747528,0.81373,0.882078,0.952146,1.02349,1.09559,1.16786,1.23957,1.30987,1.37771,1.44193,1.50125,1.55433,1.59989,1.63675,1.66393,1.68074,1.68681,1.68214,1.66707,1.64226,1.60862,1.56727,1.51937,1.46611,1.4086,1.3478,1.28447,1.21918,1.15235,1.08424,1.01507,0.945079,0.874579,0.804037
0.975389,0.921918,0.874638,0.832958,0.796041,0.762908,0.73257,0.704142,0.676943,0.650566,0.624909,0.600162,0.576756,0.555283,0.536394,0.520695,0.508652,0.500519,0.496296,0.495721,0.498302,0.503372,0.51017,0.517932,0.52597,0.533741,0.540888,0.547246,0.552819,0.557723,0.56212,0.566141,0.569821,0.573065,0.575637,0.577188,0.577323,0.575678,0.572013,0.566291,0.558733,0.549843,0.540389,0.531347,0.523824,0.518964,0.517849,0.521427,0.530454,0.545475,0.566824,0.594657,0.62899,0.66974,0.716766,0.76988,0.828851,0.893391,0.963126,1.03756,1.11605,1.19779,1.28178,1.36686,1.45169,1.53483,1.61475,1.68986,1.7586,1.81947,1.8711,1.91228,1.94207,1.95982,1.96522,1.95832,1.93958,1.9098,1.87013,1.82194,1.76679,1.70624,1.64182,1.57483,1.50633,1.43704,1.3674,1.29752,1.22735,1.15676,1.08565,1.01405,0.942247,0.870746,0.800309,0.731872,0.666443,0.604992,0.548333,0.49703
1.73465,1.67416,1.62019,1.57204,1.52875,1.48922,1.45243,1.41756,1.38413,1.35201,1.32142,1.29283,1.26685,1.24408,1.22497,1.20968,1.19808,1.18969,1.18373,1.17925,1.17526,1.17081,1.16518,1.15792,1.14888,1.13824,1.12638,1.11383,1.10119,1.08898,1.07764,1.06745,1.0586,1.05118,1.04528,1.041,1.03852,1.0381,1.04009,1.04489,1.05294,1.06466,1.08049,1.10084,1.12616,1.15694,1.19371,1.23704,1.28752,1.34562,1.41164,1.48558,1.56701,1.65502,1.74817,1.84452,1.94168,2.03699,2.1276,2.21074,2.2838,2.34456,2.39125,2.42268,2.43824,2.43796,2.42244,2.39281,2.35063,2.29783,2.23651,2.16888,2.09704,2.02287,1.94789,1.87317,1.79929,1.72636,1.6541,1.58194,1.50924,1.4354,1.3601,1.28334,1.20552,1.12743,1.05016,0.974974,0.903129,0.835769,0.77379,0.717794,0.668095,0.624781,0.58783,0.557231,0.533108,0.515797,0.505875,0.504117
3.25347,3.21707,3.18437,3.15451,3.12631,3.09847,3.06976,3.03918,3.00602,2.96994,2.93089,2.88904,2.84468,2.79813,2.74962,2.69932,2.64735,2.59384,2.53908,2.48352,2.42794,2.37341,2.32123,2.27289,2.22988,2.19354,2.1649,2.14458,2.13265,2.1287,2.13181,2.14076,2.15412,2.17048,2.18868,2.20797,2.22816,2.24968,2.27361,2.30152,2.33528,2.3768,2.42771,2.48902,2.56086,2.64232,2.73134,2.82485,2.91891,3.00905,3.09069,3.1595,3.21178,3.24484,3.25711,3.24832,3.21939,3.17233,3.11,3.03576,2.95323,2.86588,2.77679,2.68841,2.60236,2.51945,2.43964,2.36224,2.28605,2.20969,2.13182,2.05142,1.96801,1.88172,1.79334,1.70426,1.61632,1.53164,1.4524,1.38069,1.31833,1.26684,1.22736,1.20063,1.18702,1.18649,1.19854,1.2222,1.25593,1.29756,1.3443,1.3928,1.43925,1.47966,1.51011,1.5271,1.52787,1.51068,1.47498,1.42148
6.30323,6.34741,6.38499,6.41296,6.42832,6.42829,6.4106,6.37363,6.31663,6.23986,6.14453,6.03284,5.90785,5.77329,5.63336,5.49246,5.35495,5.22483,5.10547,4.99939,4.90808,4.83189,4.77004,4.72084,4.68187,4.65042,4.62386,4.60006,4.57771,4.55653,4.53728,4.5216,4.51161,4.5095,4.51697,4.53475,4.56222,4.59728,4.63638,4.67482,4.70725,4.72827,4.7331,4.71815,4.68146,4.62293,4.5443,4.4489,4.3412,4.22624,4.10904,3.994,3.8845,3.78257,3.6889,3.60292,3.52311,3.44742,3.37372,3.30024,3.22593,3.15066,3.07529,3.00157,2.93188,2.8689,2.8152,2.77283,2.74301,2.72582,2.72012,2.72354,2.73262,2.74305,2.75004,2.74877,2.73474,2.70424,2.65467,2.58481,2.49487,2.38655,2.26282,2.12767,1.98578,1.84208,1.70139,1.56811,1.44589,1.33758,1.24505,1.16932,1.11056,1.06824,1.04123,1.02791,1.02621,1.03371,1.04765,1.06503
12.2744,12.4096,12.5273,12.622,12.6895,12.7269,12.7328,12.7073,12.6519,12.5691,12.4623,12.3349,12.1905,12.0321,11.8624,11.6833,11.496,11.3016,11.1011,10.8956,10.6867,10.4761,10.2663,10.0595,9.85761,9.66205,9.4731,9.28989,9.1104,8.93172,8.75055,8.56372,8.3689,8.16505,7.95287,7.73483,7.515,7.29863,7.09151,6.8993,6.72678,6.57742,6.45299,6.35353,6.27748,6.22204,6.1836,6.15816,6.14169,6.13037,6.12067,6.10924,6.09283,6.06812,6.03159,5.97954,5.90826,5.81425,5.69466,5.54763,5.37269,5.17099,4.94536,4.70025,4.44139,4.17539,3.90918,3.6495,3.40238,3.17277,2.96424,2.77888,2.61731,2.47874,2.36121,2.2618,2.17684,2.10226,2.0338,1.96728,1.89887,1.82532,1.74416,1.65384,1.55383,1.44457,1.32744,1.20456,1.07859,0.952456,0.829101,0.711238,0.601165,0.500631,0.410776,0.332135,0.264691,0.207971,0.16116,0.123216
25.7868,25.891,26.0194,26.166,26.3233,26.4825,26.6334,26.7649,26.8655,26.9235,26.9282,26.8697,26.7401,26.5337,26.2473,25.8805,25.436,24.9189,24.337,23.7002,23.0203,22.3107,21.5854,20.8591,20.1463,19.4604,18.8134,18.2151,17.6722,17.1885,16.7637,16.394,16.0725,15.7889,15.531,15.2851,15.0374,14.7745,14.4845,14.1581,13.7885,13.3725,12.9101,12.4043,11.8612,11.2888,10.6966,10.0948,9.4933,8.90115,8.32585,7.77297,7.24598,6.74619,6.27309,5.82462,5.39777,4.98905,4.59507,4.21299,3.84089,3.47791,3.12439,2.78168,2.45198,2.138,1.84262,1.56857,1.31814,1.09293,0.893766,0.720637,0.572748,0.448631,0.346299,0.263414,0.197462,0.145905,0.106305,0.076416,0.054245,0.0380776,0.0264835,0.0183018,0.0126145,0.00871408,0.00606791,0.00428497,0.0030849,0.0022716,0.00171135,0.00131526,0.00102581,0.000806739,0.000635687,0.000499085,0.000388662,0.000299191,0.000227098,0.000169664
69.5497,69.5683,69.561,69.5339,69.492,69.4377,69.3696,69.2819,69.1642,69.0019,68.7771,68.4695,68.058,67.5223,66.8437,66.0066,64.9992,63.8139,62.4478,60.9021,59.1823,57.2974,55.2598,53.0845,50.7886,48.3903,45.909,43.3639,40.774,38.1575,35.5315,32.9121,30.3147,27.754,25.2442,22.8,20.436,18.1672,16.0085,13.9744,12.0778,10.3299,8.73923,7.31071,6.04566,4.94152,3.99206,3.18784,2.51686,1.96538,1.51871,1.16202,0.880983,0.662322,0.49414,0.366117,0.269544,0.197267,0.143536,0.103825,0.074628,0.05327,0.0377288,0.026487,0.0184114,0.0126575,0.00859674,0.00576228,0.00380815,0.00247924,0.00158883,0.00100164,0.000620821,0.000378129,0.000226232,0.000132912,7.66548e-05,4.33892e-05,2.40992e-05,1.3132e-05,7.01949e-06,3.68025e-06,1.89235e-06,9.54217e-07,4.71826e-07,2.2876e-07,1.08749e-07,5.06866e-08,2.31619e-08,1.03765e-08,4.55742e-09,1.96229e-09,8.28282e-10,3.42734e-10,1.39025e-10,5.52817e-11,2.15486e-11,8.2338e-12,3.08406e-12,1.13236e-12
179.185,179.393,179.584,179.756,179.9,179.994,180.002,179.864,179.499,178.801,177.652,175.918,173.468,170.181,165.958,160.732,154.477,147.214,139.011,129.982,120.285,110.104,99.6486,89.1336,78.7708,68.7565,59.2618,50.4254,42.3501,35.1007,28.7058,23.1611,18.4345,14.4725,11.2059,8.55674,6.44289,4.78327,3.50106,2.52614,1.7966,1.25931,0.869849,0.592009,0.396938,0.262156,0.170519,0.109217,0.0688706,0.0427494,0.0261157,0.0156989,0.00928442,0.0054011,0.00309011,0.00173842,0.000961513,0.000522759,0.000279336,0.000146679,7.56762e-05,3.8357e-05,1.90971e-05,9.33841e-06,4.48449e-06,2.11466e-06,9.79068e-07,4.45027e-07,1.98574e-07,8.69734e-08,3.7389e-08,1.57748e-08,6.53153e-09,2.65382e-09,1.05805e-09,4.13905e-10,1.58864e-10,5.98225e-11,2.21002e-11,8.00947e-12,2.84754e-12,9.93066e-13,3.39715e-13,1.1399e-13,3.7516e-14,1.21103e-14,3.8342e-15,1.19058e-15,3.62577e-16,1.0829e-16,3.17186e-17,9.11108e-18,2.56653e-18,7.08987e-19,1.9206e-19,5.10192e-20,1.329e-20,3.39472e-21,8.50283e-22,2.08833e-22
158.868,157.087,153.571,148.465,141.97,134.332,125.826,116.734,107.334,97.8857,88.6169,79.7177,71.3364,63.5791,56.512,50.1655,44.5398,39.6113,35.3383,31.6671,28.5367,25.8834,23.6438,21.7575,20.1693,18.8299,17.6973,16.7362,15.9187,15.2226,14.6317,14.1336,13.7193,13.3814,13.1136,12.9087,12.7586,12.6534,12.5812,12.5281,12.4785,12.4156,12.3226,12.1833,11.9832,11.7105,11.357,10.919,10.3971,9.79696,9.1283,8.40472,7.64257,6.85992,6.07529,5.30657,4.56991,3.87897,3.24428,2.67305,2.16914,1.73329,1.36357,1.05592,0.804752,0.603546,0.445363,0.323308,0.230868,0.162146,0.111994,0.0760641,0.0507949,0.0333481,0.0215224,0.0136534,0.00851289,0.00521633,0.00314099,0.00185842,0.00108035,0.000617002,0.000346164,0.000190771,0.000103263,5.48972e-05,2.86611e-05,1.4694e-05,7.3971e-06,3.65618e-06,1.77422e-06,8.45221e-07,3.95266e-07,1.81441e-07,8.17487e-08,3.61493e-08,1.56879e-08,6.68119e-09,2.79216e-09,1.14499e-09
3.86972,3.95918,4.06089,4.17045,4.2822,4.38959,4.48567,4.56362,4.61728,4.64177,4.63393,4.59274,4.51953,4.41807,4.29442,4.15664,4.01431,3.87797,3.75851,3.66648,3.6115,3.60164,3.64295,3.73903,3.89072,4.09597,4.34973,4.64415,4.9688,5.31118,5.65728,5.99229,6.30146,6.57085,6.78814,6.94333,7.02924,7.04189,6.98059,6.84789,6.6493,6.39287,6.0886,5.74783,5.3826,5.00501,4.62665,4.25813,3.90872,3.5861,3.29619,3.04317,2.82947,2.65598,2.52213,2.42618,2.36538,2.33617,2.33441,2.35551,2.3946,2.44668,2.50673,2.56988,2.63156,2.68762,2.73449,2.76929,2.78996,2.79522,2.7846,2.75832,2.71712,2.6621,2.59452,2.51556,2.42628,2.32747,2.21974,2.10351,1.97926,1.84757,1.70936,1.56592,1.419,1.27073,1.12356,0.980064,0.842776,0.71399,0.595606,0.489005,0.394997,0.313813,0.245156,0.188293,0.142167,0.105512,0.0769726,0.0551954
0.809387,0.808917,0.805632,0.798448,0.787125,0.772251,0.755136,0.737621,0.721835,0.709933,0.703833,0.705002,0.714286,0.731821,0.757016,0.788613,0.824813,0.863455,0.90223,0.938909,0.971572,0.998807,1.01987,1.0348,1.04443,1.05034,1.05476,1.06034,1.06988,1.08611,1.1113,1.14713,1.19439,1.25297,1.32185,1.39926,1.48287,1.57013,1.65857,1.74612,1.83132,1.91349,1.9927,2.06968,2.14553,2.22143,2.29828,2.37632,2.45489,2.53224,2.60558,2.67115,2.72458,2.76128,2.7769,2.76784,2.73165,2.66738,2.57567,2.45884,2.32064,2.16598,2.00052,1.8302,1.66084,1.49771,1.34531,1.20712,1.08558,0.982153,0.897384,0.831114,0.782638,0.750876,0.734514,0.732091,0.742056,0.762772,0.792506,0.829404,0.871469,0.916566,0.962454,1.00685,1.04753,1.08244,1.10983,1.12839,1.1373,1.13638,1.12601,1.1072,1.08149,1.05086,1.01759,0.984131,0.952914,0.926202,0.905905,0.893416
0.259555,0.265071,0.266772,0.264265,0.257513,0.246811,0.232735,0.21608,0.197781,0.178837,0.160236,0.142898,0.127621,0.11506,0.105709,0.0999063,0.0978498,0.0996167,0.105193,0.114502,0.12743,0.143844,0.163614,0.186611,0.212707,0.241772,0.273657,0.30819,0.345172,0.384386,0.425611,0.468661,0.513408,0.559814,0.607944,0.657948,0.710016,0.764296,0.820792,0.879246,0.939036,0.999109,1.05797,1.11374,1.1643,1.2075,1.24134,1.26434,1.27564,1.27528,1.26425,1.24449,1.21881,1.19068,1.164,1.14278,1.13078,1.13121,1.14642,1.1776,1.22462,1.28594,1.35861,1.43842,1.52014,1.59791,1.66571,1.71785,1.74947,1.75696,1.73834,1.69335,1.62349,1.53187,1.42281,1.3015,1.17347,1.04413,0.91842,0.800425,0.693246,0.598923,0.518486,0.452097,0.399253,0.358999,0.330156,0.3115,0.301902,0.300421,0.306325,0.319069,0.338233,0.363425,0.394172,0.429821,0.469449,0.511819,0.555374,0.598286
0.0861542,0.0890161,0.0902566,0.0897838,0.087616,0.0838758,0.0787759,0.0725971,0.0656622,0.0583088,0.050863,0.0436184,0.036821,0.0306606,0.0252692,0.0207252,0.0170606,0.0142714,0.0123287,0.0111883,0.0108001,0.0111162,0.0120976,0.0137214,0.0159882,0.0189311,0.0226264,0.0272053,0.0328672,0.0398914,0.0486467,0.0595964,0.0732968,0.0903867,0.111568,0.137577,0.16914,0.206931,0.251509,0.303255,0.36231,0.428504,0.501295,0.579721,0.662366,0.747355,0.832388,0.914813,0.991747,1.06024,1.11746,1.16092,1.1887,1.1996,1.19328,1.17031,1.1322,1.08125,1.02042,0.953179,0.883221,0.814327,0.750163,0.694143,0.649325,0.618324,0.603239,0.605582,0.626182,0.665085,0.721454,0.793476,0.878324,0.972182,1.07037,1.16755,1.25808,1.33637,1.39735,1.43684,1.45197,1.44137,1.40533,1.3457,1.26572,1.16968,1.06253,0.949438,0.835367,0.72473,0.621128,0.527205,0.444613,0.374077,0.315527,0.268293,0.231304,0.203295,0.182979,0.16919
0.0277281,0.028843,0.0294153,0.0294105,0.028829,0.0277054,0.0261047,0.0241168,0.0218471,0.019408,0.0169095,0.0144516,0.012118,0.0099728,0.00805946,0.00640136,0.00500458,0.00386147,0.00295473,0.00226133,0.00175601,0.00141403,0.00121304,0.00113432,0.00116332,0.00128997,0.00150901,0.00182079,0.002233,0.00276384,0.00344722,0.00434044,0.0055348,0.00716949,0.00944841,0.0126596,0.0171957,0.0235734,0.0324489,0.0446247,0.0610437,0.0827648,0.110916,0.146622,0.190904,0.244559,0.308023,0.38123,0.463487,0.553386,0.648764,0.746735,0.843804,0.93606,1.01943,1.09,1.14433,1.17972,1.19454,1.18826,1.1616,1.11639,1.05541,0.982165,0.90055,0.814586,0.728146,0.644754,0.567461,0.498807,0.440837,0.395175,0.363107,0.345662,0.343654,0.357671,0.388014,0.434586,0.496747,0.573167,0.661706,0.759353,0.862251,0.965826,1.06502,1.15461,1.22959,1.28561,1.31929,1.32856,1.31286,1.27312,1.21171,1.13217,1.0389,0.936721,0.830508,0.724793,0.623477,0.529626
0.00915861,0.00957843,0.0098196,0.00986796,0.00972067,0.00938651,0.00888501,0.00824451,0.00749955,0.00668778,0.00584686,0.00501162,0.0042119,0.00347104,0.00280527,0.00222382,0.00172963,0.00132046,0.00099028,0.000730614,0.000531802,0.000384043,0.000278167,0.000206153,0.00016141,0.000138887,0.000135058,0.000147895,0.000176887,0.000223252,0.000290478,0.000385415,0.000520193,0.00071534,0.00100456,0.00144169,0.00211039,0.00313707,0.0047072,0.00708491,0.010635,0.0158452,0.0233466,0.0339262,0.0485283,0.0682369,0.0942339,0.127728,0.169854,0.221542,0.283366,0.355386,0.437005,0.526855,0.622744,0.721686,0.820012,0.913578,0.998054,1.06926,1.12352,1.158,1.17096,1.16194,1.13173,1.08238,1.01688,0.938964,0.852727,0.762299,0.671558,0.583901,0.502116,0.428343,0.364114,0.310466,0.268079,0.237426,0.218905,0.212926,0.219949,0.240447,0.274825,0.323278,0.385618,0.4611,0.548261,0.644813,0.747612,0.852719,0.955574,1.05126,1.13486,1.20182,1.24837,1.27185,1.27093,1.24579,1.19803,1.13057
0.00338701,0.0035572,0.00366201,0.00369532,0.00365514,0.00354388,0.00336804,0.00313765,0.00286525,0.00256482,0.00225058,0.0019359,0.00163243,0.00134947,0.00109368,0.000869045,0.0006771,0.000517342,0.000387704,0.000285076,0.000205786,0.000146005,0.000102063,7.06579e-05,4.89832e-05,3.4785e-05,2.63719e-05,2.26087e-05,2.29243e-05,2.73714e-05,3.67933e-05,5.31719e-05,8.02705e-05,0.000124737,0.000197899,0.000318572,0.000517277,0.000842356,0.00136851,0.00220821,0.00352634,0.00555799,0.00862874,0.013176,0.0197691,0.0291235,0.0421055,0.0597213,0.0830833,0.113351,0.151644,0.198923,0.255851,0.322647,0.398938,0.483644,0.574909,0.670097,0.765881,0.858408,0.943546,1.0172,1.07564,1.11582,1.13569,1.13432,1.11205,1.07038,1.01186,0.939811,0.858043,0.770513,0.681032,0.593016,0.509318,0.432143,0.363051,0.303029,0.252612,0.212035,0.181384,0.160733,0.150253,0.150263,0.161242,0.183782,0.218487,0.26583,0.325987,0.39865,0.482854,0.576849,0.678029,0.782952,0.887458,0.986889,1.0764,1.15132,1.20758,1.24201
0.00151644,0.00159731,0.00164919,0.00166904,0.0016557,0.00160995,0.00153448,0.00143361,0.00131287,0.00117852,0.00103701,0.000894449,0.000756253,0.000626792,0.000509253,0.000405612,0.000316719,0.000242464,0.000181997,0.000133962,9.67148e-05,6.85115e-05,4.76585e-05,3.26134e-05,2.20479e-05,1.4879e-05,1.02804e-05,7.68867e-06,6.82316e-06,7.74197e-06,1.09695e-05,1.77471e-05,3.04865e-05,5.35472e-05,9.45113e-05,0.000166206,0.0002898,0.000499391,0.000848561,0.00141941,0.00233449,0.00377187,0.00598318,0.00931371,0.014223,0.0213031,0.0312902,0.0450656,0.0636386,0.0881086,0.119599,0.159163,0.207665,0.265644,0.333164,0.409688,0.49397,0.58401,0.677079,0.769816,0.85842,0.938903,1.0074,1.06048,1.09546,1.11063,1.1054,1.08036,1.03719,0.978473,0.907471,0.827812,0.743194,0.657118,0.572667,0.492374,0.418155,0.351327,0.292672,0.24256,0.201078,0.168172,0.143779,0.127924,0.120799,0.122793,0.134483,0.156585,0.189858,0.234968,0.29233,0.361925,0.443132,0.534575,0.634039,0.738447,0.843946,0.946087,1.0401,1.12125
0.000871233,0.000919186,0.000950578,0.00096358,0.000957422,0.000932471,0.000890192,0.00083301,0.000764073,0.000686974,0.000605435,0.000523022,0.000442896,0.000367635,0.000299138,0.000238603,0.00018657,0.000143015,0.00010748,7.91967e-05,5.7225e-05,4.05583e-05,2.82132e-05,1.92917e-05,1.3022e-05,8.78306e-06,6.12361e-06,4.78704e-06,4.76228e-06,6.38746e-06,1.05488e-05,1.90404e-05,3.51853e-05,6.48657e-05,0.000118176,0.00021199,0.00037381,0.000647368,0.00110046,0.00183549,0.00300311,0.00481885,0.00758245,0.0116983,0.0176952,0.0262411,0.0381493,0.0543703,0.0759627,0.10404,0.13969,0.183864,0.237248,0.300117,0.372198,0.452552,0.539503,0.63063,0.722839,0.812514,0.895755,0.968657,1.02764,1.06975,1.09293,1.0962,1.07971,1.04476,0.993597,0.929216,0.855063,0.77474,0.691718,0.609111,0.529516,0.454934,0.386764,0.32586,0.272638,0.227198,0.189465,0.159312,0.13667,0.121607,0.114385,0.115474,0.125541,0.145396,0.175907,0.217872,0.271872,0.338098,0.416178,0.505024,0.602724,0.706498,0.81275,0.917214,1.0152,1.10193
0.000664853,0.00070168,0.000725885,0.000736058,0.000731597,0.000712767,0.000680675,0.000637161,0.000584624,0.000525804,0.000463545,0.000400576,0.000339316,0.000281745,0.000229322,0.00018297,0.000143111,0.000109734,8.24911e-05,6.08026e-05,4.39526e-05,3.11778e-05,2.1737e-05,1.49662e-05,1.03219e-05,7.42394e-06,6.11333e-06,6.55137e-06,9.39807e-06,1.61313e-05,2.95992e-05,5.49426e-05,0.000101086,0.000183072,0.000325589,0.000568144,0.00097236,0.00163191,0.00268543,0.00433259,0.00685292,0.0106262,0.0161528,0.0240697,0.0351593,0.050345,0.0706667,0.0972337,0.131149,0.173404,0.224755,0.285576,0.355719,0.434388,0.520058,0.610449,0.702587,0.792933,0.877612,0.952689,1.01449,1.05994,1.08679,1.09388,1.08121,1.04991,1.00212,0.94077,0.869285,0.791268,0.710215,0.629268,0.55104,0.47753,0.410113,0.349606,0.296371,0.250458,0.211746,0.180075,0.155359,0.13767,0.127284,0.124704,0.130641,0.145965,0.171625,0.208529,0.257408,0.318646,0.392115,0.477012,0.571738,0.673835,0.779997,0.88619,0.987855,1.08022,1.15864,1.21901
0.000680649,0.000717693,0.000741773,0.000751483,0.000746249,0.000726381,0.000693047,0.000648155,0.000594175,0.000533914,0.000470275,0.000406032,0.000343636,0.000285086,0.000231845,0.000184833,0.000144457,0.000110692,8.31756e-05,6.13186e-05,4.44119e-05,3.17274e-05,2.26141e-05,1.66e-05,1.35217e-05,1.37181e-05,1.83503e-05,2.99376e-05,5.32457e-05,9.67245e-05,0.000174762,0.000311109,0.000543909,0.000932829,0.00156879,0.00258668,0.00418126,0.00662582,0.0102927,0.0156736,0.0233966,0.0342356,0.049107,0.0690476,0.0951689,0.128583,0.170302,0.22111,0.281421,0.351135,0.429512,0.51508,0.605611,0.698168,0.789236,0.874937,0.951315,1.01465,1.0618,1.09044,1.09936,1.08846,1.05884,1.01262,0.952726,0.882602,0.805888,0.726118,0.646465,0.569562,0.497403,0.431344,0.372162,0.320176,0.275397,0.237685,0.20689,0.182974,0.16609,0.156632,0.155233,0.162733,0.180107,0.208357,0.248375,0.300788,0.36578,0.442936,0.531097,0.628268,0.731601,0.837455,0.941563,1.03929,1.12594,1.19718,1.24935,1.27989,1.28747,1.27225
0.000922387,0.000970538,0.001001,0.00101199,0.00100286,0.000974136,0.000927516,0.000865657,0.000791946,0.000710189,0.000624291,0.000537949,0.000454408,0.000376287,0.000305485,0.000243174,0.000189863,0.000145517,0.000109716,8.18543e-05,6.13731e-05,4.80524e-05,4.24151e-05,4.63245e-05,6.39099e-05,0.000103017,0.00017745,0.000310372,0.000539284,0.000923107,0.00155185,0.00255928,0.00413877,0.00656205,0.0101997,0.0155419,0.0232155,0.0339943,0.0487962,0.0686621,0.0947111,0.128068,0.169761,0.220599,0.281025,0.350971,0.429732,0.515875,0.607202,0.700801,0.793168,0.880425,0.958593,1.02392,1.07319,1.10405,1.11517,1.10642,1.07883,1.03447,0.976247,0.907604,0.832207,0.753635,0.675121,0.599361,0.528417,0.463707,0.406065,0.35587,0.313197,0.277981,0.250175,0.229863,0.217343,0.21316,0.218079,0.233024,0.258957,0.296736,0.346944,0.409708,0.484537,0.570187,0.66459,0.764848,0.867327,0.967836,1.0619,1.14508,1.21337,1.2635,1.2933,1.30185,1.28962,1.25836,1.21097,1.15117,1.08314,1.01113
0.00160027,0.00167819,0.0017253,0.00173877,0.00171775,0.00166349,0.00157916,0.00146954,0.0013406,0.00119893,0.00105122,0.000903734,0.000761935,0.000630231,0.000511889,0.000409138,0.000323451,0.000256042,0.000208614,0.000184468,0.000190109,0.000237613,0.000348082,0.000556609,0.000919273,0.00152266,0.00249639,0.00402878,0.00638556,0.00993055,0.0151467,0.0226541,0.0332216,0.0477659,0.0673328,0.0930554,0.126084,0.167489,0.218136,0.27854,0.348725,0.428087,0.515292,0.608243,0.704104,0.79942,0.890321,0.972785,1.04296,1.0975,1.13383,1.15044,1.14694,1.12417,1.08402,1.02928,0.963352,0.889942,0.812743,0.735169,0.660154,0.590032,0.526503,0.470685,0.42322,0.384421,0.354435,0.333384,0.321482,0.319101,0.326774,0.345145,0.374865,0.416443,0.47007,0.535456,0.611673,0.697059,0.789191,0.884943,0.980636,1.07227,1.15583,1.22761,1.28456,1.32452,1.3465,1.35067,1.33837,1.31195,1.27446,1.22937,1.18016,1.13003,1.08165,1.03694,0.997048,0.96241,0.932878,0.907942
0.00341848,0.00356302,0.0036457,0.0036601,0.00360452,0.00348181,0.00329896,0.00306634,0.00279671,0.00250418,0.00220321,0.00190793,0.00163179,0.00138786,0.00118989,0.00105439,0.00100392,0.00107209,0.0013105,0.00179827,0.00265442,0.00405356,0.00624455,0.00957173,0.0144969,0.0216195,0.0316913,0.0456203,0.0644583,0.0893657,0.12155,0.162175,0.212241,0.272441,0.343013,0.423594,0.513104,0.609678,0.71067,0.81274,0.912023,1.00439,1.08573,1.15233,1.20114,1.23011,1.23831,1.22604,1.19482,1.14717,1.08643,1.01643,0.941184,0.864601,0.79023,0.721092,0.659586,0.607486,0.565995,0.535853,0.517463,0.511017,0.516588,0.534187,0.563757,0.605129,0.657925,0.721444,0.794558,0.875623,0.962458,1.05238,1.14234,1.22908,1.30943,1.3805,1.43999,1.48639,1.51904,1.53823,1.54508,1.54136,1.5293,1.51131,1.48973,1.46663,1.44372,1.42227,1.40318,1.38707,1.37443,1.3657,1.36143,1.36223,1.36879,1.38168,1.40126,1.42741,1.45941,1.49578
0.0101247,0.0102807,0.0103738,0.0103642,0.0102314,0.00997258,0.00960079,0.00914325,0.0086403,0.00814514,0.00772508,0.00746496,0.00747336,0.00789232,0.00891102,0.0107835,0.01385,0.0185611,0.0255014,0.0354109,0.0491974,0.0679357,0.0928464,0.125248,0.166476,0.217778,0.280165,0.354258,0.440119,0.537099,0.643726,0.757655,0.875692,0.993923,1.10792,1.21306,1.30483,1.37927,1.43325,1.4648,1.47332,1.45957,1.42569,1.37498,1.31163,1.2404,1.16621,1.09388,1.02776,0.971566,0.928203,0.899746,0.887441,0.891775,0.912577,0.949118,1.00021,1.0643,1.13949,1.22363,1.31434,1.40904,1.50507,1.59979,1.69065,1.77537,1.85209,1.91942,1.97657,2.02331,2.06,2.08747,2.10691,2.11979,2.12772,2.13238,2.13544,2.13855,2.14329,2.15112,2.16331,2.18084,2.20422,2.23341,2.26758,2.30509,2.3434,2.37924,2.40868,2.42754,2.43169,2.41743,2.38193,2.32348,2.24171,2.13765,2.01365,1.87318,1.72056,1.56056
0.0830706,0.0798864,0.0778502,0.0766207,0.0760053,0.0759586,0.0765819,0.0781258,0.0809949,0.085755,0.0931417,0.104069,0.119634,0.141118,0.169966,0.207758,0.25614,0.316731,0.390995,0.480072,0.584596,0.704495,0.838822,0.98561,1.14182,1.30336,1.46525,1.6219,1.76744,1.89622,2.00323,2.08462,2.13803,2.1629,2.16052,2.134,2.08803,2.0285,1.96203,1.89548,1.83541,1.78767,1.757,1.74685,1.75919,1.79458,1.85221,1.93011,2.02538,2.13445,2.25335,2.37796,2.50428,2.62864,2.74781,2.85917,2.96079,3.0514,3.13041,3.19788,3.25445,3.30122,3.33975,3.37187,3.39963,3.42512,3.45027,3.47669,3.5054,3.53658,3.56945,3.6021,3.63152,3.65372,3.66406,3.6576,3.62963,3.57617,3.49441,3.38313,3.24283,3.07582,2.886,2.67859,2.45967,2.23566,2.01292,1.7972,1.59338,1.4052,1.23519,1.08463,0.95375,0.84184,0.747553,0.669141,0.604723,0.552509,0.510991,0.479073
1.13587,1.09008,1.05731,1.03709,1.02961,1.03566,1.05655,1.09404,1.15017,1.22703,1.32654,1.4502,1.5988,1.77214,1.96883,2.1861,2.41974,2.66412,2.91245,3.15705,3.38984,3.60296,3.78933,3.94332,4.06124,4.14178,4.18614,4.198,4.18327,4.14959,4.10569,4.06068,4.0233,4.00128,4.00075,4.02589,4.07875,4.15919,4.26513,4.39275,4.53701,4.69203,4.85159,5.00965,5.16065,5.29995,5.42398,5.53043,5.61825,5.68759,5.73962,5.77624,5.79982,5.81272,5.81701,5.81403,5.80412,5.78645,5.759,5.71865,5.66155,5.58347,5.4804,5.34907,5.18743,4.99506,4.77333,4.52544,4.2562,3.97167,3.67865,3.38417,3.09496,2.81703,2.55534,2.31364,2.09447,1.89926,1.72852,1.58208,1.45933,1.35942,1.28133,1.22399,1.18614,1.16633,1.16272,1.17297,1.19419,1.22291,1.25517,1.2867,1.31314,1.33038,1.33489,1.32394,1.2959,1.25033,1.188,1.1108
9.73749,9.58308,9.45415,9.35679,9.29582,9.2744,9.29369,9.35258,9.44766,9.57327,9.7218,9.88415,10.0504,10.2103,10.3547,10.4754,10.5668,10.6258,10.6521,10.6486,10.6205,10.5755,10.5222,10.4699,10.427,10.4008,10.3961,10.4154,10.4581,10.5211,10.5987,10.6837,10.7678,10.8429,10.9013,10.9368,10.9451,10.9241,10.8735,10.795,10.6912,10.5657,10.4218,10.2624,10.0891,9.90218,9.70073,9.48254,9.24472,8.98421,8.69839,8.38565,8.04591,7.68088,7.29417,6.89113,6.47858,6.06428,5.6564,5.2629,4.89099,4.54666,4.23435,3.95668,3.71441,3.50644,3.33,3.18087,3.0537,2.94243,2.84065,2.7421,2.64107,2.53277,2.41366,2.28163,2.13609,1.97792,1.80932,1.63347,1.45429,1.27597,1.10265,0.938089,0.785399,0.646904,0.524056,0.417453,0.326926,0.251671,0.190416,0.141582,0.103445,0.0742619,0.0523782,0.036294,0.0247058,0.0165204,0.0108514,0.00700132
48.6435,48.8381,48.7884,48.4971,47.9762,47.2463,46.3353,45.2757,44.1035,42.8551,41.5661,40.2689,38.9916,37.7571,36.5819,35.4768,34.4464,33.4898,32.602,31.7746,30.997,30.2582,29.5474,28.8554,28.1748,27.5008,26.8306,26.1631,25.4985,24.8372,24.1791,23.5232,22.8672,22.2074,21.539,20.8567,20.1553,19.4306,18.6796,17.9018,17.0983,16.2726,15.4301,14.577,13.7206,12.8677,12.0247,11.1967,10.3879,9.60088,8.83742,8.09853,7.38488,6.69718,6.03645,5.4042,4.80239,4.23341,3.69978,3.20398,2.74809,2.33363,1.96134,1.63109,1.34188,1.0919,0.878666,0.699161,0.550033,0.427759,0.32881,0.249778,0.187475,0.139001,0.101782,0.073585,0.0525104,0.0369749,0.0256825,0.0175912,0.0118781,0.00790399,0.0051816,0.00334557,0.00212689,0.001331,0.000819744,0.000496803,0.000296274,0.000173911,0.000100569,5.74178e-05,3.25245e-05,1.8472e-05,1.07382e-05,6.61758e-06,4.52079e-06,3.52979e-06,3.12214e-06,3.00402e-06
140.874,140.839,140.343,139.388,137.98,136.133,133.865,131.203,128.18,124.838,121.224,117.389,113.388,109.273,105.096,100.899,96.7181,92.578,88.491,84.4583,80.4705,76.5103,72.5559,68.5842,64.5756,60.5166,56.4034,52.2431,48.0547,43.8678,39.721,35.659,31.7291,27.9779,24.4479,21.1743,18.1835,15.4914,13.1034,11.0146,9.21164,7.67397,6.37616,5.28994,4.38624,3.63684,3.0157,2.49983,2.06968,1.70926,1.40583,1.14956,0.932887,0.750058,0.596555,0.468703,0.363351,0.27766,0.208992,0.154862,0.112939,0.0810693,0.0573109,0.0399553,0.0275423,0.0188581,0.0129217,0.00896148,0.00638644,0.00475534,0.00374705,0.00313376,0.00275819,0.0025151,0.00233682,0.00218222,0.00202854,0.00186543,0.00169056,0.00150645,0.00131819,0.0011318,0.00095311,0.000787016,0.000637135,0.00050565,0.000393387,0.000300006,0.000224271,0.000164342,0.000118046,8.31163e-05,5.73654e-05,3.88101e-05,2.57378e-05,1.67314e-05,1.06618e-05,6.65986e-06,4.07794e-06,2.44771e-06
37.471,37.3509,37.692,38.4979,39.7725,41.5185,43.7339,46.409,49.5214,53.0323,56.8825,60.9903,65.2499,69.5332,73.6928,77.5679,80.9922,83.8032,85.8526,87.0164,87.2036,86.3638,84.4914,81.6262,77.8517,73.2891,68.0893,62.4227,56.4686,50.4041,44.3944,38.5853,33.0969,28.0208,23.4193,19.3267,15.7521,12.6837,10.0933,7.94116,6.18046,4.76106,3.63283,2.74794,2.06259,1.53792,1.14047,0.84217,0.620011,0.455563,0.334351,0.245228,0.179751,0.131619,0.0961934,0.0700827,0.0508237,0.0366266,0.0261863,0.0185437,0.0129869,0.00898305,0.00612969,0.00412208,0.00272955,0.00177853,0.00113966,0.000717855,0.000444302,0.000270127,0.000161288,9.45578e-05,5.44231e-05,3.07474e-05,1.70502e-05,9.27927e-06,4.95602e-06,2.59756e-06,1.33597e-06,6.74229e-07,3.3388e-07,1.62231e-07,7.73448e-08,3.61804e-08,1.66056e-08,7.4777e-09,3.30376e-09,1.43208e-09,6.09035e-10,2.54111e-10,1.04018e-10,4.17719e-11,1.64569e-11,6.36054e-12,2.41164e-12,8.97003e-13,3.27289e-13,1.17143e-13,4.11286e-14,1.41644e-14
84.2866,83.7668,82.5587,80.7133,78.3096,75.4483,72.2437,68.816,65.2826,61.7512,58.3146,55.0471,52.0029,49.2165,46.7045,44.4678,42.4951,40.766,39.2537,37.9275,36.7548,35.7028,34.739,33.833,32.9567,32.0855,31.1985,30.2798,29.3184,28.3086,27.25,26.1467,25.0063,23.8394,22.6578,21.4734,20.2971,19.1378,18.0018,16.8927,15.8116,14.7574,13.7275,12.7189,11.7288,10.7557,9.79946,8.86208,7.94751,7.06142,6.21075,5.40304,4.64576,3.9456,3.3079,2.73619,2.23203,1.7949,1.42239,1.11047,0.853871,0.646523,0.481949,0.35365,0.255414,0.181536,0.126965,0.0873727,0.0591564,0.0394034,0.0258194,0.0166424,0.0105516,0.00658009,0.00403587,0.00243451,0.00144422,0.000842519,0.000483314,0.00027262,0.000151196,8.24429e-05,4.41947e-05,2.32898e-05,1.20646e-05,6.14305e-06,3.07435e-06,1.51215e-06,7.30932e-07,3.47198e-07,1.62057e-07,7.43223e-08,3.34895e-08,1.48255e-08,6.44757e-09,2.7545e-09,1.15591e-09,4.76452e-10,1.92886e-10,7.66912e-11
55.2448,54.9017,54.2508,53.3181,52.1381,50.751,49.1999,47.5273,45.7728,43.9705,42.1479,40.3253,38.5162,36.7283,34.9655,33.2291,31.5203,29.8415,28.1976,26.5962,25.0477,23.5647,22.1606,20.8486,19.6398,18.5424,17.5603,16.6929,15.9351,15.2772,14.7062,14.2066,13.7618,13.355,12.9706,12.5946,12.2161,11.8265,11.4208,10.9966,10.5544,10.0966,9.62776,9.15336,8.67963,8.21296,7.75941,7.32437,6.91228,6.52648,6.16918,5.84151,5.54365,5.27505,5.03462,4.82091,4.63221,4.46663,4.32209,4.19618,4.0861,3.98852,3.89949,3.81452,3.72864,3.63668,3.53361,3.41494,3.27717,3.1181,2.93718,2.73558,2.51615,2.28322,2.04219,1.79908,1.56001,1.33074,1.11622,0.920313,0.745609,0.593427,0.463889,0.356107,0.268417,0.198637,0.14431,0.102921,0.0720548,0.0495192,0.0334069,0.0221239,0.0143836,0.00918057,0.00575308,0.00353991,0.00213887,0.00126918,0.000739714,0.000423514
11.6178,11.3402,11.0387,10.7233,10.404,10.0909,9.79376,9.52182,9.2839,9.08837,8.94303,8.8549,8.82993,8.87249,8.98493,9.16697,9.41531,9.72333,10.081,10.4751,10.8895,11.3062,11.7061,12.07,12.3797,12.6196,12.777,12.8431,12.8136,12.6884,12.4719,12.1721,11.8002,11.3697,10.8952,10.3918,9.87426,9.35615,8.84927,8.36329,7.90546,7.4805,7.09073,6.7362,6.41513,6.12427,5.85949,5.61623,5.39003,5.17691,4.9737,4.77814,4.58893,4.40555,4.22813,4.05708,3.89294,3.73607,3.58655,3.44412,3.30821,3.17805,3.05284,2.93187,2.81467,2.70111,2.59143,2.48618,2.38616,2.29233,2.20567,2.12712,2.05753,1.99762,1.94802,1.90926,1.88182,1.86607,1.86221,1.87012,1.88922,1.91826,1.95515,1.9969,2.03964,2.07875,2.10914,2.12568,2.12363,2.09915,2.04967,1.97426,1.87371,1.75051,1.60861,1.45309,1.28963,1.12408,0.961946,0.807996
5.86175,5.63291,5.42433,5.23982,5.08049,4.94496,4.82983,4.7304,4.64147,4.55812,4.47645,4.39404,4.31027,4.22632,4.14507,4.07071,4.00839,3.96368,3.94215,3.94889,3.98818,4.06313,4.17545,4.32529,4.51114,4.72979,4.97647,5.24493,5.52775,5.8166,6.10264,6.37682,6.63027,6.85461,7.04225,7.18657,7.28219,7.32513,7.31297,7.24502,7.12246,6.94837,6.72775,6.46733,6.17529,5.86083,5.53363,5.20322,4.87837,4.56659,4.2737,4.00367,3.75857,3.53878,3.34332,3.1703,3.01732,2.88187,2.76166,2.65476,2.55968,2.47529,2.4007,2.33509,2.27758,2.2271,2.18232,2.14171,2.10355,2.06609,2.02764,1.98672,1.94217,1.89325,1.83972,1.78181,1.72026,1.65622,1.59117,1.52682,1.46487,1.40694,1.35434,1.30797,1.26823,1.23499,1.20762,1.18515,1.16642,1.15031,1.13595,1.12293,1.11143,1.10225,1.09677,1.09678,1.10418,1.12069,1.14747,1.18481
4.96626,4.83188,4.68898,4.5387,4.38302,4.22474,4.06727,3.91434,3.76955,3.63605,3.5162,3.41136,3.32188,3.24724,3.18624,3.13735,3.09906,3.07015,3.04987,3.03809,3.0352,3.04198,3.05942,3.08838,3.12948,3.18283,3.24799,3.32395,3.40919,3.50185,3.59984,3.70109,3.80361,3.90568,4.00584,4.10289,4.19585,4.28384,4.36592,4.441,4.50768,4.56419,4.60835,4.63765,4.64937,4.64077,4.60939,4.55331,4.47143,4.36372,4.23132,4.07661,3.90303,3.71491,3.5171,3.31461,3.1122,2.91411,2.7238,2.54382,2.37588,2.22094,2.07941,1.95134,1.83669,1.73538,1.64739,1.57274,1.51137,1.46303,1.42713,1.40263,1.38801,1.38134,1.38031,1.38248,1.38542,1.38693,1.3852,1.3789,1.36723,1.3499,1.32705,1.29913,1.26685,1.23103,1.19258,1.15248,1.11174,1.07142,1.03264,0.996494,0.964047,0.936201,0.9136,0.896515,0.884761,0.877656,0.874042,0.872374
4.39553,4.41431,4.41141,4.3816,4.32168,4.23078,4.11042,3.96441,3.79851,3.61989,3.43661,3.25695,3.08882,2.93917,2.8136,2.71599,2.64835,2.61085,2.60187,2.61834,2.65599,2.7098,2.77435,2.84421,2.9143,2.98017,3.03819,3.08574,3.12124,3.1442,3.15516,3.15557,3.14762,3.13403,3.1178,3.10193,3.08915,3.08169,3.08105,3.08791,3.10206,3.12246,3.14735,3.17447,3.20125,3.22513,3.24371,3.25498,3.25743,3.25008,3.23244,3.20446,3.1664,3.11869,3.06187,2.99646,2.92295,2.84179,2.75342,2.65829,2.55692,2.44991,2.33796,2.22192,2.10274,1.98153,1.85955,1.73824,1.61919,1.50421,1.39522,1.29423,1.2032,1.12393,1.05785,1.00591,0.968411,0.944894,0.934159,0.934296,0.942827,0.956912,0.973593,0.990059,1.00388,1.01322,1.01691,1.01451,1.00621,0.992718,0.97508,0.954459,0.931977,0.90859,0.885016,0.861747,0.839107,0.817344,0.796734,0.777656
3.68504,3.75021,3.80412,3.84241,3.86132,3.85779,3.82965,3.7758,3.69644,3.59322,3.4694,3.32984,3.18083,3.02979,2.88473,2.75367,2.64396,2.56156,2.51048,2.49242,2.50652,2.54945,2.61571,2.69814,2.78853,2.87842,2.95979,3.0257,3.07085,3.0919,3.08763,3.05884,3.00822,2.9399,2.8591,2.77158,2.68324,2.59964,2.52566,2.46515,2.42074,2.3937,2.38386,2.38971,2.40848,2.43642,2.46913,2.50192,2.53027,2.55024,2.5588,2.55411,2.53568,2.50426,2.46176,2.41093,2.35497,2.29714,2.24041,2.18709,2.13863,2.09549,2.05719,2.02235,1.98894,1.95452,1.91651,1.87247,1.82038,1.75884,1.68723,1.6058,1.5157,1.41886,1.31793,1.21605,1.11661,1.023,0.938366,0.865324,0.805795,0.76084,0.730588,0.71424,0.710147,0.71597,0.72889,0.745872,0.76393,0.780391,0.79311,0.800629,0.802242,0.797984,0.788524,0.774999,0.758807,0.741382,0.724009,0.70768
3.23819,3.26396,3.28093,3.28831,3.28558,3.27243,3.24869,3.2143,3.16939,3.11438,3.05019,2.97838,2.90129,2.82211,2.74472,2.67358,2.61327,2.56811,2.54165,2.5362,2.55244,2.5892,2.64341,2.71032,2.78381,2.85697,2.92275,2.97455,3.00689,3.0158,2.99916,2.95678,2.89031,2.803,2.69936,2.58474,2.46496,2.34588,2.23308,2.13163,2.04576,1.97875,1.93269,1.9084,1.9053,1.92142,1.95347,1.99701,2.0468,2.09715,2.14239,2.17743,2.19813,2.20172,2.18699,2.15437,2.1058,2.04448,1.9745,1.90043,1.82682,1.75784,1.69693,1.64654,1.60798,1.58136,1.56567,1.55883,1.55795,1.55956,1.55987,1.55515,1.54203,1.51778,1.48064,1.42993,1.36616,1.29099,1.20709,1.1179,1.0273,0.939313,0.857699,0.785671,0.72564,0.679044,0.646282,0.626736,0.618885,0.620498,0.62887,0.641102,0.654371,0.666188,0.6746,0.678329,0.676832,0.670272,0.659421,0.645487
3.20814,3.20216,3.18126,3.14571,3.09664,3.03593,2.9661,2.89014,2.81129,2.73286,2.65802,2.58969,2.53041,2.48229,2.447,2.42569,2.41905,2.42717,2.44958,2.48512,2.53194,2.58742,2.64826,2.71054,2.76995,2.82201,2.86239,2.88724,2.89347,2.87903,2.84303,2.78577,2.70877,2.61455,2.50653,2.38873,2.26564,2.14195,2.02239,1.91156,1.8137,1.73255,1.6711,1.6314,1.61433,1.61943,1.64486,1.68737,1.74246,1.80473,1.86819,1.92685,1.97515,2.00847,2.02352,2.01859,1.99361,1.95006,1.89079,1.81961,1.74096,1.65945,1.57957,1.50529,1.4399,1.38583,1.34456,1.31659,1.30143,1.29768,1.30312,1.3148,1.32927,1.34283,1.35176,1.35271,1.3429,1.3205,1.28473,1.23598,1.17582,1.10678,1.03217,0.955705,0.881168,0.812058,0.751268,0.700855,0.661904,0.634489,0.617749,0.610039,0.609161,0.612621,0.617908,0.622748,0.625318,0.62439,0.619404,0.610455
3.37831,3.35062,3.30211,3.23426,3.14974,3.05221,2.94615,2.83656,2.72857,2.62711,2.53659,2.46059,2.40173,2.36153,2.34039,2.33768,2.35186,2.38059,2.42095,2.46961,2.52298,2.57737,2.62916,2.67492,2.71156,2.7364,2.74732,2.74279,2.72194,2.68455,2.63105,2.56246,2.48035,2.38677,2.28421,2.17552,2.06388,1.95279,1.84591,1.74705,1.65994,1.58806,1.53437,1.50105,1.48922,1.49875,1.52809,1.57431,1.63323,1.69964,1.76779,1.83177,1.88608,1.92609,1.94836,1.95098,1.93357,1.89727,1.84448,1.77861,1.70363,1.62381,1.54327,1.46583,1.39473,1.33255,1.28113,1.24157,1.2142,1.19859,1.19363,1.1975,1.20783,1.22177,1.23618,1.2479,1.25394,1.25179,1.23962,1.21652,1.18253,1.13867,1.08684,1.0296,0.969906,0.910814,0.855157,0.805289,0.76287,0.728753,0.702958,0.684744,0.672756,0.665232,0.660242,0.655929,0.650717,0.643472,0.633604,0.621077
3.59955,3.55005,3.47652,3.3826,3.27303,3.15335,3.0295,2.90746,2.7928,2.69038,2.60405,2.53644,2.48888,2.46138,2.45274,2.46068,2.48208,2.5132,2.54997,2.58826,2.62411,2.65398,2.6749,2.68465,2.68176,2.66553,2.63597,2.59371,2.53978,2.47555,2.40256,2.32239,2.23667,2.14706,2.0553,1.96325,1.87304,1.78704,1.70789,1.63837,1.58129,1.5392,1.51415,1.50738,1.51908,1.54821,1.59244,1.64824,1.71109,1.77585,1.83716,1.88994,1.92981,1.9535,1.95904,1.94593,1.91505,1.86846,1.80917,1.74073,1.66696,1.59159,1.51802,1.44919,1.38745,1.3345,1.29144,1.25875,1.23632,1.22345,1.21896,1.22113,1.2279,1.2369,1.24567,1.25181,1.2532,1.24822,1.23584,1.21575,1.18835,1.15471,1.11643,1.07543,1.03372,0.993218,0.955512,0.921728,0.892438,0.867652,0.846872,0.82921,0.813549,0.798714,0.783645,0.767546,0.749981,0.730922,0.710739,0.690134
3.81404,3.74982,3.66134,3.55413,3.43458,3.30939,3.18516,3.06794,2.96288,2.87395,2.80374,2.75342,2.72271,2.71,2.71249,2.72646,2.74752,2.77096,2.79207,2.80652,2.81067,2.8018,2.77832,2.73978,2.68688,2.62126,2.54526,2.46166,2.37334,2.28304,2.19318,2.10576,2.02235,1.9442,1.87233,1.80774,1.75147,1.70471,1.66874,1.64486,1.63418,1.6374,1.65456,1.68488,1.72662,1.77705,1.83263,1.88921,1.9424,1.98794,2.02211,2.0421,2.04619,2.03393,2.00608,1.96444,1.91167,1.85088,1.7854,1.71847,1.65301,1.59147,1.53578,1.48732,1.44691,1.41489,1.39115,1.37516,1.36601,1.36247,1.36307,1.36618,1.37011,1.37329,1.37437,1.37232,1.36653,1.35684,1.34348,1.327,1.30818,1.28784,1.26677,1.24555,1.22454,1.2038,1.18315,1.16221,1.14046,1.11742,1.09267,1.06598,1.0374,1.00722,0.976021,0.944622,0.914012,0.885277,0.859522,0.837796
3.99773,3.93249,3.84607,3.74473,3.6352,3.52413,3.41767,3.32102,3.23817,3.1717,3.12268,3.09069,3.07394,3.06939,3.07305,3.08025,3.08608,3.08569,3.07479,3.04996,3.00897,2.95097,2.87653,2.78759,2.68715,2.57905,2.46748,2.35667,2.2505,2.1523,2.06462,1.9893,1.92743,1.87958,1.84586,1.82608,1.81985,1.82658,1.84545,1.8753,1.91459,1.96126,2.01275,2.06604,2.1178,2.1646,2.20322,2.23088,2.24558,2.24621,2.2327,2.20596,2.16775,2.12048,2.06693,2.00996,1.95231,1.89635,1.84403,1.79681,1.75564,1.72106,1.69326,1.67209,1.65721,1.64807,1.64399,1.64422,1.64796,1.65442,1.66289,1.67273,1.68342,1.69451,1.7056,1.71628,1.72608,1.73437,1.74043,1.74337,1.74226,1.73616,1.72425,1.70593,1.68091,1.64926,1.61143,1.56827,1.52094,1.47087,1.41964,1.36892,1.32039,1.27563,1.23609,1.203,1.17739,1.15994,1.15101,1.15052
4.20627,4.1548,4.08767,4.01041,3.92861,3.8475,3.7715,3.70399,3.64707,3.60153,3.56685,3.54132,3.52224,3.50615,3.48914,3.4672,3.43654,3.39398,3.33724,3.26518,3.17797,3.07708,2.9652,2.84601,2.72389,2.60357,2.4897,2.38657,2.29783,2.22623,2.17361,2.14081,2.12771,2.13335,2.156,2.19322,2.24207,2.29913,2.36067,2.42283,2.48177,2.53389,2.57609,2.60594,2.6219,2.62337,2.61076,2.58539,2.54932,2.50514,2.45569,2.40382,2.35214,2.3029,2.25784,2.21824,2.18493,2.1584,2.13886,2.12638,2.12097,2.12259,2.13123,2.14682,2.16928,2.1984,2.23379,2.27478,2.32036,2.36913,2.41926,2.46855,2.51448,2.55439,2.58562,2.60576,2.61284,2.60553,2.58323,2.54618,2.49542,2.4327,2.36035,2.2811,2.1979,2.11373,2.03143,1.95359,1.88239,1.81952,1.7661,1.72258,1.68874,1.66358,1.64546,1.63205,1.62056,1.60788,1.59085,1.5665
4.60918,4.58248,4.5447,4.49924,4.44933,4.39773,4.34656,4.29713,4.24994,4.20474,4.16059,4.11606,4.06939,4.01865,3.962,3.89785,3.82502,3.74297,3.6519,3.55284,3.4477,3.33918,3.23069,3.12611,3.02953,2.94497,2.87602,2.82556,2.79549,2.78652,2.79809,2.82837,2.87432,2.93192,2.99644,3.0628,3.12598,3.18135,3.22509,3.25445,3.26792,3.26531,3.24769,3.21717,3.17669,3.12966,3.07963,3.03005,2.98396,2.94393,2.91192,2.8894,2.87733,2.87634,2.88682,2.90896,2.94286,2.98846,3.04547,3.11329,3.19086,3.27655,3.36807,3.46245,3.55607,3.64484,3.72442,3.79048,3.83907,3.86693,3.87175,3.85239,3.80895,3.74279,3.65638,3.55309,3.43694,3.31223,3.18332,3.05426,2.92856,2.80899,2.6974,2.59468,2.50074,2.41454,2.33427,2.25757,2.18175,2.10412,2.02226,1.93433,1.83921,1.7367,1.62746,1.513,1.39551,1.27761,1.16213,1.05181
5.49878,5.49286,5.47693,5.45134,5.41658,5.37319,5.32181,5.26315,5.19804,5.12736,5.05209,4.97326,4.8919,4.80902,4.72558,4.64253,4.56079,4.48138,4.40548,4.33448,4.26998,4.21381,4.16787,4.13397,4.11357,4.10753,4.11588,4.13764,4.17077,4.21222,4.25814,4.30422,4.34609,4.37979,4.40216,4.41118,4.4062,4.38799,4.35861,4.32125,4.2798,4.23856,4.20178,4.17342,4.15679,4.15448,4.16823,4.19893,4.24674,4.31107,4.39071,4.48386,4.58816,4.70071,4.81807,4.9363,5.05109,5.15783,5.25185,5.32866,5.38423,5.41526,5.41938,5.39538,5.34322,5.26404,5.16007,5.03437,4.89063,4.73284,4.56499,4.39081,4.2135,4.03559,3.85886,3.68425,3.51205,3.34196,3.17332,3.00538,2.83749,2.66935,2.50114,2.33357,2.16792,2.00591,1.84953,1.70085,1.56178,1.43389,1.31818,1.21504,1.12415,1.04457,0.974841,0.913111,0.857352,0.805544,0.755855,0.706789
7.43601,7.41908,7.39264,7.35508,7.30567,7.24471,7.17357,7.09465,7.01119,6.92698,6.84601,6.77209,6.70855,6.65791,6.62174,6.60055,6.5939,6.60046,6.61824,6.64476,6.6773,6.71302,6.74913,6.78298,6.81213,6.83449,6.84835,6.85256,6.84659,6.83072,6.80602,6.77446,6.73876,6.70227,6.6687,6.64184,6.62521,6.62172,6.63345,6.66138,6.70535,6.76403,6.83505,6.91512,7.00031,7.08629,7.1686,7.24293,7.30531,7.35235,7.38134,7.39035,7.37825,7.34459,7.28957,7.21382,7.11825,7.00385,6.87155,6.72214,6.55619,6.37412,6.17623,5.96289,5.73464,5.49236,5.23738,4.97159,4.6974,4.41778,4.13609,3.85598,3.58115,3.31513,3.06106,2.82146,2.59812,2.39192,2.20289,2.03024,1.87248,1.72768,1.59364,1.46816,1.34926,1.23535,1.12529,1.0185,0.914861,0.814693,0.718594,0.627335,0.541722,0.46249,0.390215,0.32527,0.267796,0.217711,0.174731,0.138413
11.9986,11.9324,11.8644,11.7944,11.7235,11.6543,11.5908,11.5376,11.4996,11.4815,11.4867,11.5172,11.5727,11.6509,11.7475,11.8563,11.9701,12.0811,12.1822,12.267,12.3307,12.3707,12.3862,12.3787,12.3512,12.308,12.2542,12.1947,12.1341,12.0758,12.0219,11.9729,11.9279,11.8845,11.8394,11.7888,11.7287,11.6556,11.567,11.4614,11.3388,11.2002,11.0479,10.8848,10.7139,10.5379,10.3585,10.1762,9.99004,9.79732,9.5942,9.37595,9.13755,8.87443,8.58306,8.26157,7.91001,7.53053,7.12724,6.7058,6.27291,5.83575,5.4013,4.97584,4.56456,4.17135,3.79875,3.44802,3.11944,2.81249,2.52623,2.2595,2.01116,1.78022,1.56592,1.36772,1.18527,1.01834,0.866772,0.730357,0.608812,0.501719,0.4085,0.328407,0.260537,0.203858,0.157238,0.119496,0.0894367,0.0658967,0.0477783,0.0340774,0.023902,0.0164822,0.0111711,0.0074403,0.00486869,0.00312964,0.00197596,0.00122522
24.5626,24.4169,24.2778,24.1491,24.0354,23.9423,23.8753,23.8386,23.8353,23.8655,23.9271,24.015,24.1214,24.2368,24.3505,24.4516,24.53,24.5771,24.5861,24.5525,24.4738,24.3492,24.1793,23.9655,23.7094,23.4131,23.0787,22.7086,22.3058,21.8739,21.4177,20.9427,20.4553,19.9622,19.4697,18.983,18.5056,18.0382,17.579,17.1233,16.6638,16.1919,15.6976,15.1718,14.6066,13.9965,13.3388,12.6346,11.8878,11.1055,10.2971,9.47351,8.64631,7.82717,7.02708,6.25589,5.52198,4.83209,4.19128,3.60296,3.06901,2.58994,2.16503,1.79252,1.46978,1.19347,0.959761,0.764471,0.603252,0.471745,0.365722,0.281201,0.214537,0.162478,0.122195,0.0912826,0.0677384,0.0499282,0.0365413,0.0265411,0.0191181,0.0136454,0.0096413,0.00673678,0.0046505,0.00316847,0.00212865,0.00140895,0.000918104,0.000588578,0.000371003,0.000229823,0.00013985,8.35666e-05,4.90193e-05,2.82198e-05,1.59406e-05,8.83357e-06,4.80163e-06,2.55982e-06
57.8294,57.7943,57.6381,57.3691,56.9995,56.5445,56.0197,55.4401,54.8184,54.1637,53.4819,52.775,52.0421,51.28,50.4846,49.6517,48.7778,47.8612,46.9021,45.9026,44.867,43.8012,42.712,41.6066,40.4915,39.3718,38.2502,37.1265,35.9971,34.855,33.6898,32.489,31.2387,29.9256,28.5384,27.0692,25.5155,23.8807,22.1744,20.4128,18.617,16.8123,15.0264,13.287,11.6206,10.0506,8.59603,7.27064,6.08281,5.03547,4.12662,3.35009,2.69644,2.15398,1.70973,1.35027,1.06249,0.834106,0.654072,0.512762,0.402055,0.315283,0.247112,0.193368,0.150841,0.117094,0.0902865,0.0690206,0.0522206,0.0390414,0.028802,0.0209419,0.0149923,0.0105588,0.00731073,0.00497346,0.00332285,0.00217951,0.00140306,0.000886248,0.000549184,0.000333809,0.000198998,0.000116341,6.67002e-05,3.74997e-05,2.0675e-05,1.11793e-05,5.92931e-06,3.0856e-06,1.57622e-06,7.90965e-07,3.90353e-07,1.89795e-07,9.11571e-08,4.34173e-08,2.06188e-08,9.83317e-09,4.74947e-09,2.34364e-09
86.4116,86.5676,86.541,86.3243,85.9161,85.3211,84.5493,83.6141,82.5312,81.3168,79.9864,78.5538,77.0307,75.4267,73.7489,72.0029,70.193,68.3223,66.3935,64.4084,62.3684,60.2737,58.1235,55.9155,53.6462,51.3111,48.9054,46.4249,43.8674,41.2339,38.5301,35.7673,32.9627,30.1398,27.3272,24.5573,21.8643,19.2822,16.842,14.5703,12.487,10.6049,8.92918,7.45787,6.18275,5.09072,4.16533,3.38827,2.74077,2.20463,1.76303,1.40095,1.10536,0.865171,0.671058,0.515222,0.391128,0.293267,0.216963,0.158229,0.113661,0.0803629,0.055892,0.0382187,0.0256834,0.0169565,0.0109957,0.00700229,0.00437877,0.00268885,0.00162157,0.000960657,0.000559305,0.000320218,0.000180446,0.000100204,5.49252e-05,2.97795e-05,1.60126e-05,8.56539e-06,4.57368e-06,2.44638e-06,1.3148e-06,7.11579e-07,3.88152e-07,2.13271e-07,1.17803e-07,6.52205e-08,3.6067e-08,1.98521e-08,1.08411e-08,5.85732e-09,3.12391e-09,1.6417e-09,8.48953e-10,4.31538e-10,2.15459e-10,1.05602e-10,5.07885e-11,2.39613e-11
59.3413,59.0882,58.8297,58.5541,58.2512,57.9137,57.5378,57.1237,56.6744,56.1952,55.6923,55.1709,54.6344,54.0829,53.5133,52.9184,52.2884,51.6108,50.8726,50.0605,49.1632,48.1716,47.0798,45.8854,44.5896,43.1967,41.7133,40.1477,38.5093,36.8074,35.0509,33.2481,31.4064,29.5327,27.6338,25.717,23.7908,21.8652,19.9521,18.0654,16.2206,14.4342,12.7229,11.1027,9.58796,8.19033,6.91835,5.77695,4.76737,3.88729,3.13127,2.49131,1.95749,1.5187,1.16327,0.879539,0.656333,0.483288,0.351084,0.251559,0.177742,0.123806,0.0849927,0.0574883,0.0383009,0.0251269,0.016227,0.0103129,0.00644821,0.00396544,0.00239785,0.00142534,0.000832683,0.000477974,0.000269527,0.000149276,8.1187e-05,4.33533e-05,2.27265e-05,1.16938e-05,5.90521e-06,2.92635e-06,1.42292e-06,6.78822e-07,3.17701e-07,1.45859e-07,6.56858e-08,2.90138e-08,1.25692e-08,5.34021e-09,2.22504e-09,9.09132e-10,3.64258e-10,1.4311e-10,5.51313e-11,2.08247e-11,7.71259e-12,2.80062e-12,9.97084e-13,3.48036e-13
38.3392,38.0454,37.6404,37.1346,36.5408,35.8733,35.1472,34.3785,33.5835,32.7784,31.979,31.2006,30.4572,29.7613,29.1234,28.5514,28.0502,27.6213,27.2632,26.9706,26.7356,26.5471,26.3922,26.2563,26.1242,25.9802,25.8096,25.5987,25.3358,25.0118,24.6203,24.1583,23.6261,23.0272,22.3678,21.6561,20.9016,20.1139,19.3016,18.472,17.6301,16.7786,15.918,15.0471,14.1643,13.2677,12.3568,11.4328,10.4993,9.56215,8.62968,7.71186,6.8197,5.9644,5.1565,4.40512,3.71736,3.09798,2.54925,2.07101,1.66096,1.31503,1.02781,0.793081,0.604202,0.454513,0.337641,0.247715,0.179507,0.128491,0.090855,0.0634619,0.0437877,0.0298421,0.0200857,0.0133489,0.00875794,0.00567064,0.00362241,0.00228215,0.00141745,0.000867604,0.00052313,0.0003106,0.000181522,0.000104383,5.90399e-05,3.2835e-05,1.795e-05,9.64277e-06,5.08904e-06,2.63791e-06,1.3427e-06,6.70979e-07,3.29132e-07,1.5845e-07,7.48544e-08,3.46965e-08,1.5778e-08,7.03832e-09
20.7259,20.6607,20.5765,20.4785,20.3726,20.2639,20.1569,20.0551,19.9604,19.8732,19.7928,19.7169,19.642,19.5643,19.4792,19.3822,19.269,19.136,18.9805,18.8008,18.5961,18.3668,18.1142,17.8404,17.548,17.2398,16.9187,16.5873,16.2476,15.9013,15.5489,15.1904,14.8253,14.4524,14.0708,13.6797,13.2791,12.8701,12.4552,12.0384,11.6251,11.2218,10.8356,10.4734,10.1414,9.84396,9.583,9.35758,9.16349,8.99344,8.83745,8.68359,8.51904,8.3312,8.10886,7.84321,7.52871,7.16349,6.74951,6.29228,5.80032,5.28432,4.75628,4.22846,3.71257,3.21901,2.75635,2.33103,1.94722,1.607,1.31048,1.05625,0.841635,0.663165,0.516863,0.39857,0.304177,0.229803,0.171909,0.127365,0.0934732,0.0679627,0.0489591,0.0349444,0.0247101,0.0173084,0.0120066,0.00824557,0.00560386,0.00376715,0.00250363,0.00164403,0.00106605,0.000682195,0.000430567,0.000267869,0.000164175,9.90755e-05,5.88417e-05,3.43768e-05
22.3858,22.4427,22.281,21.9132,21.3606,20.6524,19.8237,18.9127,17.959,17.0008,16.0726,15.204,14.4179,13.7299,13.1487,12.676,12.3076,12.0346,11.8447,11.7232,11.6544,11.6224,11.6116,11.6074,11.5965,11.5673,11.5101,11.4171,11.2833,11.1062,10.8858,10.6251,10.3295,10.0063,9.66419,9.31251,8.96038,8.61592,8.2857,7.97425,7.68397,7.41518,7.16648,6.93526,6.71829,6.51237,6.31488,6.12421,5.94004,5.76345,5.59671,5.44309,5.30637,5.19029,5.09805,5.03168,4.99164,4.97641,4.98236,5.00379,5.03315,5.06157,5.0794,5.07703,5.04567,4.97803,4.869,4.71604,4.51935,4.28187,4.00889,3.70762,3.38652,3.05466,2.72099,2.39383,2.08034,1.7863,1.51589,1.27176,1.05512,0.865929,0.703185,0.565153,0.44963,0.354158,0.2762,0.213276,0.163055,0.123415,0.0924664,0.0685682,0.0503171,0.0365337,0.0262416,0.0186444,0.0131013,0.00910426,0.00625596,0.00425034
5.76785,5.84186,5.94127,6.0646,6.20869,6.36886,6.53918,6.71292,6.88308,7.04298,7.18684,7.31025,7.4106,7.48721,7.54141,7.57634,7.5966,7.60776,7.61579,7.62643,7.64458,7.67379,7.71584,7.77044,7.8352,7.90569,7.97574,8.03786,8.08381,8.10529,8.09461,8.04538,7.9531,7.81565,7.63353,7.40995,7.15065,6.8635,6.55794,6.2442,5.93254,5.63249,5.35214,5.09759,4.8727,4.67893,4.51551,4.37974,4.26746,4.1736,4.09271,4.01955,3.94947,3.87878,3.80496,3.72675,3.64417,3.55836,3.47146,3.38638,3.30651,3.23548,3.1768,3.13358,3.10819,3.10193,3.11484,3.14545,3.19071,3.2461,3.30575,3.36286,3.41011,3.44029,3.44682,3.42434,3.36915,3.27952,3.15581,3.00039,2.8174,2.61236,2.39168,2.16212,1.93035,1.70245,1.48365,1.2781,1.08879,0.91758,0.765303,0.631924,0.516731,0.41853,0.335817,0.266931,0.210173,0.163891,0.126533,0.0966882
2.83238,2.92554,3.0235,3.12122,3.21367,3.29626,3.36527,3.4182,3.45402,3.47326,3.478,3.47168,3.45885,3.44479,3.43515,3.43554,3.45117,3.48651,3.54504,3.62907,3.73957,3.87619,4.03723,4.21976,4.41975,4.63224,4.85155,5.0715,5.2856,5.4873,5.67013,5.82799,5.95525,6.04705,6.09943,6.10958,6.07603,5.99881,5.87956,5.72157,5.52976,5.31046,5.07115,4.82006,4.56572,4.31639,4.07963,3.86178,3.66761,3.50012,3.36045,3.24798,3.1605,3.09458,3.0459,3.00971,2.98121,2.95589,2.92984,2.8999,2.86386,2.82045,2.76934,2.71106,2.64694,2.57894,2.50953,2.44156,2.37809,2.32222,2.27689,2.24473,2.22779,2.22735,2.24373,2.27611,2.32248,2.37957,2.44304,2.50762,2.56751,2.61669,2.64948,2.66087,2.64704,2.60557,2.53567,2.43821,2.31558,2.17151,2.01064,1.83822,1.65964,1.48008,1.30419,1.13591,0.978284,0.833452,0.702695,0.586523
2.54672,2.49567,2.43322,2.36033,2.27966,2.19528,2.11244,2.03707,1.97524,1.93265,1.91406,1.92283,1.96064,2.02723,2.12047,2.23643,2.36977,2.51417,2.6628,2.80899,2.94668,3.07094,3.17833,3.26707,3.33714,3.39009,3.42883,3.45727,3.47982,3.50105,3.52518,3.55578,3.59544,3.64564,3.70657,3.77717,3.85513,3.93706,4.01863,4.09485,4.1604,4.21,4.23887,4.2431,4.2201,4.16888,4.09022,3.98671,3.86254,3.72319,3.57496,3.42439,3.27777,3.14056,3.01701,2.90995,2.8206,2.74873,2.69277,2.65014,2.61759,2.59151,2.56836,2.54488,2.51836,2.48678,2.44893,2.40432,2.35323,2.29655,2.23568,2.17239,2.10872,2.04683,1.98894,1.93726,1.89387,1.86072,1.83945,1.83136,1.8372,1.8571,1.89036,1.93542,1.98975,2.04992,2.11173,2.1704,2.22091,2.25832,2.27819,2.27694,2.25211,2.2026,2.1287,2.03209,1.91561,1.78305,1.63878,1.48741
2.0944,1.9576,1.82934,1.71135,1.60591,1.51583,1.44441,1.39519,1.37169,1.37706,1.41367,1.48271,1.58382,1.71484,1.8717,2.04849,2.23777,2.43098,2.61909,2.7933,2.94577,3.07023,3.16253,3.2209,3.24596,3.24058,3.20944,3.1585,3.09439,3.02386,2.95319,2.88791,2.83254,2.79049,2.7641,2.75472,2.76284,2.78817,2.82967,2.88563,2.95363,3.03053,3.11258,3.19544,3.27446,3.34489,3.40228,3.44277,3.46352,3.46291,3.44076,3.39831,3.33813,3.26387,3.17988,3.0908,3.00114,2.9149,2.83527,2.76442,2.70339,2.65217,2.60981,2.57457,2.54427,2.51647,2.48881,2.45918,2.42597,2.38812,2.34518,2.29731,2.24511,2.18957,2.13186,2.07325,2.01495,1.95814,1.90391,1.8533,1.80741,1.76741,1.73456,1.71025,1.69584,1.69255,1.70123,1.72221,1.75502,1.79829,1.84966,1.90583,1.96271,2.0157,2.06,2.09101,2.10473,2.09807,2.06912,2.01729
1.71704,1.61594,1.53714,1.47921,1.44087,1.42124,1.41995,1.43711,1.47321,1.52886,1.60449,1.70003,1.81467,1.9466,2.09294,2.24972,2.41207,2.57441,2.73083,2.87542,3.00267,3.10787,3.18738,3.23885,3.2614,3.25558,3.22331,3.16773,3.09293,3.0037,2.90524,2.80285,2.70169,2.60658,2.52181,2.45104,2.39718,2.36239,2.34799,2.35446,2.38147,2.42779,2.49139,2.56945,2.65841,2.75412,2.85204,2.9474,3.03552,3.11213,3.17358,3.2172,3.24143,3.24598,3.23177,3.20088,3.15629,3.1016,3.04065,2.97722,2.91465,2.85557,2.80178,2.7541,2.71245,2.67598,2.64322,2.61238,2.58163,2.54929,2.51407,2.4752,2.43241,2.38598,2.33652,2.28486,2.23188,2.17832,2.12474,2.07144,2.01858,1.96626,1.91468,1.86433,1.81611,1.77137,1.7319,1.69979,1.6772,1.66608,1.66787,1.6832,1.71166,1.75171,1.80064,1.85473,1.90953,1.96016,2.00174,2.02979
1.71344,1.67163,1.65306,1.65589,1.67765,1.7154,1.76605,1.82651,1.89402,1.96627,2.04159,2.11905,2.19839,2.27997,2.36454,2.45297,2.54595,2.64364,2.7454,2.84956,2.95337,3.05307,3.14409,3.22148,3.28032,3.31631,3.3262,3.30824,3.26242,3.1906,3.09636,2.9848,2.86205,2.73485,2.61,2.49388,2.39208,2.30907,2.24808,2.21105,2.19866,2.2105,2.2452,2.3006,2.37389,2.46175,2.56045,2.66597,2.77407,2.88049,2.98109,3.07202,3.15001,3.21249,3.25779,3.28526,3.29526,3.2891,3.2689,3.23732,3.19732,3.15183,3.10354,3.05463,3.00665,2.96047,2.91632,2.87388,2.83248,2.79129,2.7495,2.70649,2.6619,2.61568,2.56801,2.51921,2.4696,2.41936,2.36844,2.31656,2.26323,2.20788,2.15007,2.08969,2.02713,1.96348,1.90049,1.84058,1.7866,1.74156,1.70829,1.68909,1.68535,1.69735,1.72407,1.76326,1.81149,1.8645,1.91748,1.96553
2.15933,2.17419,2.19759,2.22739,2.261,2.29567,2.32875,2.35808,2.38225,2.40099,2.41524,2.42716,2.43999,2.45766,2.48435,2.52389,2.57922,2.65189,2.74165,2.8463,2.96172,3.08205,3.20023,3.30855,3.39935,3.4658,3.50252,3.50612,3.47557,3.41226,3.31987,3.20405,3.07187,2.93117,2.78995,2.65574,2.53511,2.43333,2.35422,2.30012,2.27202,2.26973,2.29211,2.33725,2.40269,2.4855,2.58234,2.68959,2.80333,2.91948,3.03388,3.14251,3.24162,3.32801,3.39914,3.45336,3.48991,3.50899,3.51163,3.49956,3.47503,3.44054,3.39864,3.35169,3.30177,3.25048,3.199,3.14805,3.09797,3.04883,3.00049,2.95273,2.9053,2.8579,2.81018,2.76172,2.71196,2.66021,2.60563,2.54735,2.48459,2.41683,2.34399,2.26664,2.18609,2.10444,2.02448,1.94948,1.88293,1.82815,1.78792,1.76415,1.75756,1.76761,1.79246,1.8291,1.87365,1.92168,1.9686,2.01001
2.94774,3.01043,3.05795,3.08755,3.09799,3.08958,3.06417,3.02505,2.9767,2.9244,2.87391,2.83099,2.80098,2.7884,2.79657,2.82734,2.88085,2.95552,3.04798,3.15336,3.26547,3.37729,3.48144,3.57077,3.63889,3.68075,3.69303,3.6744,3.62569,3.54974,3.45114,3.33582,3.21055,3.08236,2.95805,2.84377,2.74466,2.66472,2.60672,2.57229,2.56195,2.57533,2.61126,2.6679,2.74279,2.833,2.93509,3.04528,3.15951,3.2736,3.38343,3.48512,3.57525,3.65101,3.71035,3.7521,3.77593,3.78238,3.77276,3.74899,3.71347,3.66883,3.6178,3.56298,3.50667,3.45078,3.39668,3.34522,3.29668,3.25085,3.20708,3.16436,3.12141,3.0768,3.02901,2.97657,2.91815,2.85271,2.77966,2.69895,2.61126,2.51803,2.42149,2.32455,2.23068,2.14357,2.06681,2.00355,1.95613,1.9258,1.91258,1.91522,1.93133,1.95763,1.99029,2.02528,2.05873,2.08721,2.1079,2.11867
3.92657,4.01631,4.0835,4.12569,4.1423,4.13464,4.10569,4.05984,4.00247,3.9395,3.87685,3.82005,3.77372,3.74128,3.72466,3.72418,3.73857,3.7651,3.79983,3.83802,3.87453,3.90434,3.92299,3.927,3.91415,3.88365,3.83615,3.77362,3.69912,3.61646,3.52987,3.44363,3.36181,3.28803,3.22532,3.17606,3.142,3.12424,3.1233,3.13916,3.17129,3.2186,3.27951,3.35194,3.43332,3.52067,3.61071,3.70001,3.78511,3.86269,3.92981,3.98398,4.02337,4.04686,4.05416,4.04579,4.02306,3.98798,3.94313,3.89142,3.83589,3.77944,3.72458,3.67325,3.62658,3.58492,3.54776,3.51383,3.48126,3.44777,3.41089,3.36821,3.31762,3.25752,3.18698,3.10593,3.0152,2.91654,2.81257,2.70659,2.60236,2.50376,2.41444,2.33749,2.27509,2.2283,2.19696,2.17975,2.17438,2.17786,2.18687,2.19814,2.20875,2.21633,2.21912,2.21595,2.20609,2.18902,2.16423,2.13107
5.1298,5.24412,5.34893,5.44035,5.51503,5.57038,5.60473,5.61742,5.60879,5.58014,5.53352,5.47147,5.39676,5.31206,5.21972,5.12166,5.01931,4.91371,4.80569,4.69609,4.586,4.4769,4.37072,4.26978,4.17667,4.09392,4.02379,3.96797,3.92737,3.90208,3.89134,3.89373,3.90734,3.93008,3.95986,3.99482,4.03342,4.07449,4.11718,4.16081,4.2048,4.24846,4.29094,4.33114,4.36772,4.39912,4.42371,4.43986,4.44619,4.44166,4.42579,4.39876,4.36146,4.31552,4.26315,4.20706,4.15013,4.09514,4.0445,3.99997,3.9624,3.93169,3.90675,3.88557,3.86549,3.84342,3.81619,3.78089,3.73516,3.67747,3.6073,3.52522,3.43289,3.33289,3.22854,3.12354,3.02163,2.92619,2.83992,2.76455,2.70076,2.64814,2.60534,2.57037,2.54088,2.51457,2.48944,2.46402,2.43742,2.40924,2.37943,2.34797,2.31465,2.27882,2.23929,2.19433,2.14185,2.07965,2.00574,1.91866
7.03109,7.14909,7.26149,7.36189,7.44441,7.50399,7.53662,7.53947,7.51084,7.45018,7.35794,7.2355,7.08518,6.91021,6.71475,6.50394,6.28379,6.06114,5.84333,5.63787,5.45199,5.29206,5.16315,5.06856,5.00949,4.985,4.99205,5.02584,5.08026,5.14849,5.22358,5.29908,5.36945,5.43038,5.47895,5.5136,5.5339,5.54034,5.53397,5.51609,5.48801,5.45086,5.40554,5.35272,5.29299,5.22696,5.15549,5.07978,5.00146,4.92257,4.84546,4.77257,4.70619,4.6482,4.59976,4.56116,4.53169,4.50968,4.49258,4.47724,4.46019,4.43801,4.40766,4.36681,4.31405,4.24903,4.17244,4.08591,3.99176,3.89271,3.79153,3.69074,3.59228,3.49743,3.40669,3.31992,3.2365,3.1556,3.07646,2.99861,2.92198,2.84695,2.77425,2.70467,2.63885,2.57696,2.51847,2.46203,2.4055,2.34613,2.2808,2.20646,2.12048,2.02105,1.90741,1.78001,1.64051,1.49162,1.33683,1.1801
10.3133,10.3029,10.2653,10.1986,10.1025,9.97858,9.82996,9.66098,9.47665,9.28223,9.08277,8.88292,8.6868,8.49807,8.32,8.15563,8.00787,7.87941,7.77263,7.68934,7.63046,7.59574,7.58357,7.59091,7.61343,7.64576,7.68195,7.71596,7.74219,7.75591,7.75357,7.73297,7.69329,7.63488,7.55905,7.46776,7.36335,7.24828,7.125,6.99587,6.86318,6.72915,6.59604,6.46614,6.34172,6.22496,6.11782,6.02177,5.9377,5.86573,5.8051,5.75426,5.71089,5.67213,5.63483,5.59582,5.55218,5.50147,5.44185,5.37223,5.29213,5.20168,5.10143,4.99215,4.87471,4.74995,4.61864,4.48151,4.3393,4.19295,4.04365,3.89296,3.74282,3.59541,3.45301,3.3177,3.1911,3.07402,2.96631,2.8667,2.77288,2.68166,2.58932,2.49203,2.38626,2.26927,2.13941,1.99636,1.84114,1.67607,1.50447,1.33035,1.15799,0.991578,0.834846,0.690805,0.561591,0.448406,0.351565,0.270604
15.6138,15.4239,15.1819,14.8959,14.5766,14.2368,13.8905,13.552,13.2348,12.9507,12.7091,12.5162,12.3748,12.2842,12.2401,12.2356,12.2612,12.3059,12.358,12.406,12.4393,12.449,12.4282,12.3725,12.2801,12.1515,11.9892,11.7977,11.5822,11.3488,11.1037,10.8528,10.6012,10.3535,10.1131,9.88275,9.66425,9.45875,9.26681,9.0885,8.92345,8.77099,8.63008,8.49942,8.37744,8.26235,8.15218,8.04484,7.93818,7.83001,7.71819,7.60059,7.47519,7.34005,7.19342,7.03374,6.85978,6.67075,6.46645,6.24737,6.0148,5.77092,5.51869,5.26177,5.00428,4.75049,4.50444,4.26952,4.04817,3.84156,3.64946,3.47025,3.30113,3.1384,2.97798,2.81587,2.64866,2.47396,2.29066,2.09911,1.901,1.69922,1.49746,1.29984,1.11048,0.933109,0.770745,0.625532,0.498636,0.390282,0.299862,0.22611,0.1673,0.121447,0.0864855,0.0604114,0.0413885,0.0278099,0.0183254,0.011842
23.9645,23.8335,23.6446,23.4081,23.1371,22.8462,22.5502,22.2629,21.9957,21.7568,21.5505,21.3768,21.2319,21.1084,20.9962,20.8837,20.7586,20.6093,20.4257,20.2001,19.9282,19.6085,19.2432,18.8375,18.3991,17.9376,17.4637,16.988,16.5206,16.0702,15.6434,15.2444,14.875,14.5347,14.221,13.9299,13.6564,13.3952,13.141,12.889,12.6353,12.3765,12.1102,11.8344,11.5475,11.248,10.9347,10.6061,10.2611,9.89875,9.51881,9.12182,8.70938,8.28421,7.85013,7.41181,6.97449,6.54348,6.12374,5.71936,5.33325,4.96687,4.62021,4.29195,3.97971,3.68057,3.39147,3.10976,2.83352,2.5619,2.29516,2.03463,1.78252,1.54158,1.31476,1.10483,0.914093,0.744138,0.595735,0.468809,0.362511,0.275359,0.205411,0.150458,0.108196,0.0763797,0.0529289,0.0360051,0.0240448,0.015766,0.0101523,0.0064222,0.00399271,0.002441,0.00146862,0.000870382,0.000508725,0.000293666,0.000167708,9.49308e-05
35.0037,35.171,35.2984,35.3832,35.4246,35.4218,35.3745,35.2819,35.1423,34.9534,34.7123,34.4157,34.0612,33.647,33.1734,32.6424,32.0586,31.4285,30.7605,30.0642,29.3498,28.6274,27.9061,27.1935,26.4953,25.815,25.154,24.5116,23.8855,23.2721,22.6673,22.0665,21.4656,20.8612,20.2503,19.6309,19.0018,18.362,17.7107,17.0472,16.3708,15.6808,14.9763,14.2573,13.5241,12.7782,12.0221,11.2598,10.496,9.73648,8.98742,8.25491,7.5446,6.86133,6.20892,5.59003,5.00628,4.45838,3.94639,3.47,3.0287,2.62201,2.24952,1.91086,1.6057,1.33357,1.09376,0.885215,0.706467,0.555627,0.430418,0.328263,0.24639,0.181965,0.132208,0.0945013,0.0664653,0.046014,0.0313753,0.0210908,0.0139952,0.00918359,0.00597301,0.00386141,0.00248936,0.00160596,0.00104025,0.000678371,0.000446074,0.000295803,0.00019754,0.000132505,8.89792e-05,5.96026e-05,3.96903e-05,2.61971e-05,1.70967e-05,1.10115e-05,6.98986e-06,4.36904e-06
43.4127,43.5603,43.7134,43.8649,44.0071,44.1319,44.231,44.2955,44.3162,44.2843,44.1912,44.0294,43.7929,43.4777,43.0818,42.606,42.0529,41.4276,40.7363,39.9867,39.1864,38.343,37.4637,36.5542,35.6195,34.6633,33.6883,32.6963,31.6885,30.6656,29.6278,28.5748,27.5056,26.4189,25.3124,24.1836,23.0297,21.8481,20.6374,19.3974,18.1302,16.8403,15.5351,14.2244,12.9203,11.6365,10.3871,9.18631,8.04697,6.98017,5.99456,5.09606,4.28779,3.57017,2.94126,2.39712,1.93227,1.54017,1.21362,0.94512,0.727224,0.552735,0.414905,0.307551,0.225134,0.162792,0.116339,0.0822488,0.0576068,0.0400549,0.0277252,0.0191703,0.0132935,0.00928298,0.00655141,0.00468408,0.00339487,0.0024908,0.00184434,0.00137258,0.00102207,0.000758243,0.000558367,0.000406926,0.000292823,0.000207717,0.000145085,9.97144e-05,6.74109e-05,4.48252e-05,2.93245e-05,1.88824e-05,1.19758e-05,7.4881e-06,4.62115e-06,2.81847e-06,1.7014e-06,1.01812e-06,6.04881e-07,3.57292e-07
46.0816,45.8192,45.5497,45.285,45.0353,44.8082,44.609,44.4397,44.2996,44.1853,44.0908,44.0079,43.9266,43.8353,43.7215,43.5718,43.3727,43.1113,42.7758,42.3565,41.8461,41.2409,40.5411,39.7508,38.8775,37.9322,36.9274,35.876,34.7898,33.6779,32.5451,31.3916,30.2127,28.9992,27.7394,26.4205,25.0313,23.564,22.0168,20.3946,18.7098,16.982,15.2363,13.502,11.8096,10.1892,8.66743,7.26622,6.00139,4.88216,3.91122,3.08537,2.39655,1.83306,1.38086,1.02479,0.749598,0.540793,0.385181,0.271219,0.189143,0.130953,0.0902821,0.0622024,0.0429981,0.029939,0.0210675,0.0150136,0.0108397,0.00791769,0.00583387,0.00431949,0.00320074,0.00236451,0.00173573,0.00126281,0.00090881,0.000646125,0.000453439,0.000313987,0.000214523,0.000144643,9.6284e-05,6.3311e-05,4.11468e-05,2.6448e-05,1.6823e-05,1.05943e-05,6.60761e-06,4.0821e-06,2.49785e-06,1.5135e-06,9.07692e-07,5.38487e-07,3.1578e-07,1.82904e-07,1.04553e-07,5.89356e-08,3.27343e-08,1.7902e-08
41.8636,41.7223,41.5339,41.3043,41.0378,40.7373,40.4051,40.0435,39.6553,39.2445,38.8163,38.3768,37.9327,37.4905,37.0554,36.6313,36.2192,35.8177,35.4226,35.0273,34.6237,34.2028,33.7557,33.275,32.7552,32.1936,31.59,30.9473,30.2698,29.5628,28.831,28.0774,27.3019,26.5007,25.6664,24.7886,23.8546,22.8518,21.7696,20.601,19.3447,18.0059,16.5966,15.1355,13.6463,12.156,10.6929,9.28448,7.95509,6.72474,5.60795,4.61344,3.74419,2.99814,2.36905,1.84757,1.4224,1.08123,0.811653,0.601788,0.440742,0.318872,0.227897,0.160888,0.112181,0.077242,0.0525089,0.0352334,0.0233296,0.0152398,0.00981905,0.00623856,0.00390796,0.00241332,0.00146909,0.00088155,0.000521482,0.000304143,0.000174919,9.92243e-05,5.55311e-05,3.06703e-05,1.67221e-05,9.00291e-06,4.78739e-06,2.51493e-06,1.30532e-06,6.6941e-07,3.39174e-07,1.69763e-07,8.39161e-08,4.09528e-08,1.97234e-08,9.37002e-09,4.3888e-09,2.0257e-09,9.20885e-10,4.12114e-10,1.81469e-10,7.85897e-11
29.4367,29.5792,29.7397,29.9111,30.0821,30.2389,30.3662,30.449,30.474,30.4314,30.3155,30.1253,29.8644,29.5405,29.1641,28.7475,28.3032,27.843,27.3768,26.9118,26.4526,26.0007,25.5554,25.1141,24.6731,24.2285,23.7773,23.3177,22.85,22.3763,21.9011,21.4298,20.9686,20.5229,20.0965,19.6902,19.3012,18.9225,18.5433,18.1494,17.7242,17.2509,16.7134,16.0988,15.3983,14.6087,13.7329,12.7801,11.7649,10.7063,9.62647,8.54897,7.49693,6.4916,5.55099,4.68904,3.91506,3.23368,2.64517,2.14607,1.72994,1.38832,1.1116,0.889835,0.713398,0.5735,0.462475,0.373932,0.302748,0.244962,0.197616,0.158545,0.12619,0.0994177,0.0773781,0.0593979,0.0449093,0.0334075,0.02443,0.0175502,0.0123793,0.0085702,0.0058215,0.00387905,0.00253503,0.00162462,0.0010209,0.000628986,0.000379928,0.00022498,0.000130603,7.43217e-05,4.14594e-05,2.26709e-05,1.2152e-05,6.38488e-06,3.2884e-06,1.66012e-06,8.21512e-07,3.98481e-07
19.6443,19.7203,19.8304,19.9736,20.1454,20.338,20.5409,20.7418,20.928,21.0875,21.2101,21.2885,21.3182,21.2981,21.2302,21.1184,20.9687,20.7874,20.5814,20.3565,20.118,19.8696,19.6135,19.3506,19.0805,18.8016,18.5116,18.208,17.8888,17.5525,17.1989,16.8296,16.4477,16.0582,15.6674,15.2827,14.9112,14.5597,14.2335,13.9356,13.6665,13.4238,13.2022,12.9939,12.7892,12.5773,12.3469,12.0874,11.7894,11.4458,11.0515,10.6045,10.1053,9.55707,8.96548,8.33799,7.6837,7.01278,6.33605,5.66451,5.00887,4.37917,3.78432,3.23182,2.72743,2.275,1.87644,1.53169,1.23896,0.994947,0.79519,0.63446,0.507136,0.407573,0.330403,0.270769,0.224476,0.188066,0.158819,0.134702,0.114274,0.0965785,0.0810227,0.0672685,0.0551369,0.0445329,0.0353925,0.0276487,0.0212145,0.0159787,0.0118092,0.0085614,0.00608724,0.00424405,0.0029012,0.00194436,0.00127748,0.000822797,0.000519491,0.000321515
15.2034,15.1425,15.0836,15.032,14.9912,14.9626,14.9457,14.9387,14.9388,14.9428,14.9481,14.9529,14.956,14.9574,14.9576,14.9573,14.9574,14.9582,14.9596,14.9607,14.9601,14.9558,14.9453,14.9258,14.8944,14.848,14.7833,14.6969,14.5856,14.4459,14.2752,14.0712,13.8329,13.5607,13.2567,12.9247,12.5704,12.2009,11.8243,11.4493,11.0848,10.7385,10.4171,10.1256,9.86673,9.64093,9.44639,9.27908,9.13316,9.00136,8.8756,8.74762,8.60962,8.45486,8.27813,8.07602,7.84702,7.59136,7.31068,7.00762,6.6853,6.34693,5.99541,5.63327,5.2626,4.88527,4.50316,4.11842,3.73375,3.35249,2.97859,2.61648,2.27078,1.94596,1.64599,1.37399,1.13204,0.921029,0.740676,0.589617,0.465611,0.365782,0.286881,0.225537,0.178472,0.142675,0.115504,0.0947526,0.0786583,0.0658763,0.0554311,0.0466512,0.0391014,0.0325172,0.026748,0.021711,0.0173576,0.0136498,0.0105479,0.00800371
13.0748,12.975,12.857,12.7265,12.5888,12.4481,12.3085,12.1733,12.0457,11.929,11.8261,11.7399,11.6727,11.6258,11.5994,11.5922,11.601,11.6216,11.6482,11.6747,11.6949,11.7035,11.6964,11.6709,11.6265,11.5642,11.4864,11.3963,11.2971,11.1919,11.0824,10.9693,10.8517,10.7274,10.5936,10.4468,10.2841,10.103,9.90248,9.68288,9.44599,9.19499,8.93416,8.66848,8.40328,8.14387,7.8952,7.66162,7.44661,7.25261,7.08083,6.93113,6.80186,6.68996,6.59096,6.49937,6.409,6.3136,6.20746,6.08603,5.94642,5.78773,5.6111,5.41949,5.21721,5.00923,4.80044,4.59495,4.39547,4.20301,4.01681,3.83457,3.65289,3.46794,3.27608,3.07452,2.86178,2.63797,2.40482,2.16552,1.92433,1.68616,1.45603,1.2386,1.03779,0.856503,0.696508,0.558424,0.441837,0.345484,0.267481,0.205557,0.15728,0.120239,0.0921854,0.071128,0.0553791,0.043568,0.0346242,0.0277435
13.258,13.1755,13.0508,12.889,12.6956,12.4767,12.2387,11.9885,11.7326,11.4775,11.2293,10.9928,10.7719,10.5688,10.3842,10.2171,10.0648,9.92387,9.78994,9.65877,9.52666,9.39101,9.25069,9.10622,8.95966,8.81437,8.67451,8.54442,8.42808,8.32846,8.24716,8.18407,8.1374,8.10374,8.07845,8.05609,8.03093,7.99749,7.95104,7.88792,7.80578,7.70365,7.58183,7.44171,7.28549,7.11589,6.93593,6.74873,6.55743,6.36518,6.17514,5.99051,5.81443,5.64991,5.49956,5.36526,5.24786,5.14688,5.06031,4.98469,4.91525,4.84643,4.77244,4.68795,4.58883,4.47267,4.33915,4.19017,4.0296,3.86288,3.69627,3.53609,3.38792,3.25588,3.1421,3.04646,2.96662,2.89829,2.83578,2.77264,2.70247,2.61959,2.51966,2.40013,2.26042,2.10189,1.92765,1.74211,1.55052,1.35842,1.17116,0.993463,0.82915,0.680937,0.550408,0.43808,0.343549,0.265688,0.202869,0.153171
13.1496,13.0511,12.8783,12.6384,12.3407,11.9963,11.6176,11.2179,10.8103,10.4073,10.0204,9.65913,9.33049,9.03892,8.78587,8.56996,8.38723,8.23176,8.09633,7.97333,7.85561,7.73719,7.61393,7.48379,7.34689,7.20527,7.06247,6.92288,6.79117,6.67164,6.56777,6.48184,6.41481,6.36622,6.33439,6.31657,6.30918,6.30818,6.30927,6.30829,6.30137,6.28525,6.25737,6.21598,6.16012,6.08957,6.00472,5.90639,5.79569,5.67392,5.54252,5.40308,5.25745,5.1078,4.95672,4.80717,4.66235,4.52549,4.39949,4.28652,4.18768,4.10264,4.02963,3.96544,3.90574,3.84555,3.77987,3.70427,3.61551,3.51198,3.39397,3.26366,3.12495,2.98302,2.84379,2.71324,2.59679,2.49869,2.42155,2.36604,2.33082,2.31261,2.30649,2.30638,2.30558,2.29741,2.27579,2.23582,2.17415,2.08923,1.98137,1.85266,1.70664,1.54791,1.38175,1.21353,1.0484,0.890857,0.744516,0.611988
10.0562,10.0207,9.92456,9.77256,9.57261,9.33502,9.07157,8.79461,8.5161,8.24682,7.99578,7.76982,7.57335,7.40829,7.27417,7.16829,7.08611,7.02156,6.96764,6.91698,6.86245,6.79783,6.71833,6.62105,6.50521,6.37221,6.2254,6.06975,5.91127,5.75643,5.61154,5.48215,5.37264,5.2859,5.22313,5.18387,5.16612,5.16654,5.18082,5.20401,5.23098,5.25673,5.27681,5.28756,5.2863,5.27136,5.24209,5.19864,5.14176,5.07255,4.99224,4.90202,4.80296,4.69606,4.58236,4.46309,4.33984,4.2146,4.0898,3.96813,3.85227,3.74459,3.64674,3.55935,3.48187,3.41249,3.34834,3.28579,3.22091,3.15003,3.07019,2.9796,2.87789,2.76623,2.6472,2.52458,2.40291,2.28711,2.18193,2.09152,2.01904,1.96636,1.93385,1.92036,1.92324,1.93853,1.96126,1.98579,2.00625,2.017,2.01305,1.99046,1.94661,1.88039,1.79226,1.68411,1.55911,1.42132,1.27541,1.1262
6.78133,6.83198,6.87067,6.89476,6.90241,6.89271,6.86582,6.82306,6.76689,6.70089,6.62947,6.55755,6.49001,6.4312,6.38426,6.35067,6.32987,6.31913,6.31378,6.3076,6.29355,6.26465,6.21486,6.13993,6.03802,5.91004,5.75967,5.593,5.41792,5.24326,5.07792,4.92994,4.80576,4.70973,4.64375,4.60733,4.59776,4.61055,4.63996,4.67957,4.72291,4.76396,4.7976,4.81991,4.82833,4.82168,4.80004,4.76448,4.71678,4.65904,4.59336,4.52152,4.44486,4.36412,4.2796,4.1913,4.09913,4.00321,3.90405,3.80265,3.70051,3.59944,3.50131,3.40775,3.3198,3.23768,3.16068,3.08719,3.01489,2.9411,2.86315,2.77887,2.68687,2.58688,2.47982,2.36775,2.25369,2.14134,2.03469,1.93763,1.85359,1.78527,1.73438,1.7015,1.68604,1.68627,1.69942,1.72183,1.74922,1.7769,1.80011,1.81428,1.81541,1.80025,1.76661,1.71341,1.64084,1.55025,1.44402,1.3254
4.28355,4.36993,4.47358,4.58988,4.71413,4.84182,4.96888,5.09201,5.20884,5.31805,5.41939,5.5135,5.60158,5.68497,5.76465,5.84077,5.91225,5.97661,6.03007,6.06782,6.08468,6.07574,6.03725,5.96732,5.86644,5.73777,5.58701,5.42199,5.25193,5.08649,4.93485,4.80476,4.70182,4.62901,4.5866,4.57225,4.58144,4.60808,4.6452,4.68566,4.72278,4.75092,4.76581,4.76479,4.74683,4.71242,4.66334,4.6023,4.53252,4.45732,4.37974,4.30219,4.22624,4.15257,4.08097,4.01062,3.94028,3.86865,3.79469,3.7178,3.63793,3.55561,3.47174,3.38738,3.30345,3.22049,3.13846,3.05669,2.97396,2.88871,2.79934,2.70455,2.60363,2.49672,2.38492,2.27024,2.15546,2.04392,1.9391,1.84435,1.76255,1.69585,1.64548,1.61167,1.59364,1.58966,1.59719,1.61301,1.63348,1.65468,1.67267,1.68371,1.68445,1.67212,1.64469,1.601,1.54081,1.46482,1.37459,1.27244
3.16259,3.19255,3.24281,3.31374,3.4059,3.51975,3.65542,3.81244,3.98955,4.18458,4.3944,4.61498,4.84149,5.06841,5.28973,5.49911,5.69013,5.85655,5.99261,6.09344,6.15547,6.17682,6.15766,6.10043,6.00985,5.89276,5.75762,5.6139,5.47121,5.33851,5.22327,5.1308,5.06389,5.02266,5.00473,5.00561,5.01933,5.03915,5.05823,5.0703,5.07023,5.05436,5.02068,4.96893,4.90039,4.81768,4.72436,4.62456,4.52251,4.4221,4.32655,4.23811,4.1579,4.08594,4.02124,3.96203,3.90613,3.85126,3.79535,3.73679,3.67455,3.60816,3.5376,3.4631,3.38492,3.30317,3.21766,3.12794,3.03337,2.9333,2.82733,2.71555,2.59869,2.47824,2.35643,2.23609,2.12038,2.01255,1.91556,1.83185,1.76306,1.70992,1.67218,1.64862,1.63724,1.63533,1.63976,1.64712,1.65395,1.65691,1.65299,1.63957,1.61462,1.57672,1.52515,1.45993,1.38179,1.29212,1.19293,1.08667
3.14951,3.11212,3.09476,3.10275,3.14126,3.21478,3.32644,3.47763,3.66766,3.89368,4.15072,4.43191,4.72884,5.03202,5.33135,5.61669,5.87843,6.10799,6.29841,6.44472,6.54433,6.59722,6.60599,6.57565,6.51325,6.42729,6.32701,6.22152,6.1191,6.02642,5.94807,5.88627,5.84088,5.80959,5.78841,5.77222,5.75541,5.73252,5.6988,5.65064,5.58583,5.50371,5.40516,5.29241,5.16883,5.03855,4.9061,4.77597,4.65221,4.53809,4.43584,4.34649,4.26984,4.20462,4.1487,4.09937,4.0537,4.00888,3.96242,3.91232,3.85711,3.79581,3.72778,3.65262,3.57004,3.4798,3.38174,3.2759,3.16258,3.04257,2.91722,2.78848,2.65888,2.53133,2.40896,2.2948,2.19146,2.10097,2.02448,1.96223,1.91352,1.87678,1.84977,1.82972,1.81361,1.79833,1.78088,1.75856,1.72904,1.69043,1.64143,1.58126,1.50976,1.42735,1.33503,1.23433,1.12724,1.01606,0.903337,0.791638
3.83759,3.81249,3.815,3.8484,3.9155,4.01837,4.15797,4.33389,4.54419,4.78523,5.05178,5.3371,5.6332,5.93126,6.22206,6.4965,6.74617,6.96392,7.14429,7.28393,7.38179,7.43919,7.45959,7.44827,7.41174,7.35708,7.29129,7.22059,7.14989,7.08248,7.0198,6.96158,6.90604,6.85031,6.79091,6.7242,6.64693,6.55653,6.45148,6.33145,6.19733,6.05122,5.89622,5.73619,5.57544,5.41837,5.26908,5.13105,5.00681,4.8978,4.80428,4.72535,4.65914,4.60303,4.55399,4.50882,4.46442,4.41801,4.36721,4.31008,4.24509,4.17114,4.08747,3.99369,3.88983,3.77637,3.65433,3.52531,3.39143,3.25529,3.11978,2.98786,2.86231,2.74545,2.63896,2.54371,2.45969,2.38609,2.32136,2.26342,2.20983,2.158,2.10538,2.04962,1.98864,1.92078,1.84479,1.75995,1.66603,1.56335,1.45278,1.33567,1.21386,1.0895,0.965011,0.842851,0.725411,0.614836,0.512895,0.420894
5.41988,5.45259,5.52874,5.6461,5.80063,5.98689,6.19846,6.42841,6.66972,6.91562,7.15981,7.39667,7.62126,7.8294,8.01763,8.18326,8.32435,8.43979,8.52932,8.59361,8.6342,8.65341,8.65417,8.63976,8.61347,8.57827,8.53654,8.48977,8.43854,8.38242,8.32017,8.24995,8.16963,8.07709,7.97059,7.84904,7.71218,7.56073,7.39641,7.22185,7.04047,6.85621,6.67324,6.49568,6.32725,6.17099,6.02908,5.90264,5.79179,5.6956,5.61234,5.53962,5.4746,5.41426,5.35559,5.29568,5.2319,5.16197,5.08399,4.99653,4.89868,4.7901,4.67107,4.54249,4.40586,4.26318,4.11678,3.96914,3.82267,3.67947,3.54115,3.40872,3.28253,3.16225,3.04703,2.93552,2.8261,2.71699,2.60641,2.49268,2.37438,2.2504,2.12007,1.9832,1.84014,1.6918,1.53964,1.38558,1.2319,1.08112,0.935761,0.798232,0.670613,0.554536,0.451096,0.360813,0.283655,0.219097,0.16622,0.123826
8.94781,8.99114,9.06246,9.15953,9.27787,9.41122,9.55217,9.69289,9.82592,9.94489,10.045,10.1235,10.1795,10.214,10.2295,10.2295,10.218,10.1991,10.1766,10.1535,10.1323,10.1143,10.0999,10.0886,10.0792,10.0696,10.057,10.0385,10.0106,9.97009,9.91404,9.84009,9.74672,9.63341,9.50073,9.35032,9.1848,9.00755,8.82244,8.63356,8.4449,8.26007,8.08212,7.91335,7.75525,7.60853,7.47311,7.34826,7.23268,7.12467,7.02215,6.92286,6.82441,6.72437,6.62043,6.51044,6.39258,6.26547,6.12821,5.98052,5.82265,5.6554,5.47999,5.29794,5.11086,4.92034,4.72775,4.53419,4.34034,4.14651,3.95259,3.75818,3.56263,3.36518,3.16511,2.96185,2.75516,2.54521,2.33272,2.11894,1.90571,1.69528,1.49026,1.2934,1.10736,0.934549,0.776907,0.635801,0.51194,0.405369,0.315521,0.241318,0.181299,0.133758,0.0968847,0.0688832,0.0480634,0.032907,0.0221044,0.0145658
14.4701,14.479,14.4514,14.3882,14.2917,14.1649,14.012,13.8379,13.6482,13.4487,13.2458,13.0456,12.8539,12.6761,12.5165,12.3787,12.2648,12.1761,12.1124,12.0725,12.0544,12.0549,12.0703,12.096,12.1272,12.1585,12.1847,12.2009,12.2025,12.1859,12.1486,12.089,12.0071,11.9037,11.7806,11.6404,11.4859,11.32,11.1456,10.9652,10.7808,10.5943,10.407,10.2199,10.0338,9.84911,9.66594,9.48404,9.30274,9.12098,8.93734,8.75008,8.55732,8.35715,8.14784,7.92795,7.69648,7.45292,7.19726,6.92997,6.65188,6.36409,6.0678,5.76425,5.45459,5.13987,4.82102,4.49891,4.1745,3.84887,3.52341,3.19991,2.88057,2.568,2.26517,1.97519,1.7012,1.44606,1.21221,1.00145,0.814823,0.652585,0.514193,0.398414,0.30345,0.227106,0.166966,0.120549,0.0854542,0.0594632,0.0406096,0.027215,0.0178949,0.0115435,0.00730446,0.00453362,0.00275977,0.00164757,0.00096456,0.000553745
20.3413,20.256,20.0884,19.8421,19.5252,19.1494,18.7296,18.2825,17.8256,17.3757,16.9482,16.5558,16.208,15.911,15.6677,15.4781,15.3395,15.2476,15.1967,15.1801,15.1912,15.223,15.2687,15.3217,15.3759,15.4257,15.4658,15.492,15.5007,15.4891,15.4552,15.398,15.3167,15.2112,15.0817,14.9286,14.7526,14.5545,14.3356,14.0972,13.8413,13.5698,13.2849,12.9885,12.6825,12.3681,12.0459,11.7161,11.3781,11.0307,10.6727,10.3024,9.91855,9.52007,9.10635,8.67733,8.23349,7.77591,7.30618,6.82641,6.33912,5.84731,5.35437,4.8641,4.38062,3.90837,3.4519,3.01577,2.60431,2.22139,1.8702,1.55309,1.27138,1.02534,0.814231,0.636354,0.489247,0.369881,0.274881,0.200742,0.144018,0.101477,0.0702103,0.0476897,0.0317954,0.0208042,0.0133576,0.00841482,0.00520057,0.00315288,0.00187491,0.00109354,0.000625525,0.000350902,0.000193034,0.000104129,5.50787e-05,2.85661e-05,1.45265e-05,7.24276e-06
25.9233,25.8135,25.639,25.4014,25.105,24.7572,24.3678,23.9488,23.5131,23.0739,22.644,22.2345,21.8549,21.512,21.2102,20.9513,20.735,20.5586,20.418,20.3081,20.2228,20.1557,20.1006,20.0514,20.0025,19.9489,19.8861,19.81,19.7171,19.6041,19.468,19.3059,19.1154,18.8944,18.6415,18.3559,18.0377,17.6878,17.3078,16.9,16.4669,16.011,15.5344,15.0389,14.5254,13.9942,13.445,12.8771,12.2898,11.6822,11.0543,10.4067,9.74093,9.05975,8.36703,7.66781,6.96817,6.27501,5.59575,4.93805,4.30938,3.71666,3.16587,2.66179,2.20771,1.80535,1.45481,1.1547,0.902311,0.693889,0.524935,0.390529,0.285626,0.205311,0.145006,0.100604,0.0685509,0.0458662,0.0301287,0.0194272,0.0122948,0.00763592,0.0046535,0.00278249,0.00163224,0.000939277,0.000530192,0.000293544,0.0001594,8.48896e-05,4.43355e-05,2.2707e-05,1.14041e-05,5.61623e-06,2.71201e-06,1.28408e-06,5.96117e-07,2.71333e-07,1.21086e-07,5.29782e-08
30.8,30.9127,31.0139,31.0946,31.1449,31.1558,31.1191,31.029,30.8822,30.6781,30.4192,30.1106,29.7592,29.3735,28.9627,28.5359,28.1014,27.6665,27.237,26.8168,26.4086,26.0132,25.6303,25.2583,24.8948,24.5365,24.1799,23.8208,23.455,23.0782,22.6867,22.2768,21.8458,21.3916,20.9129,20.4092,19.8807,19.3277,18.7508,18.1502,17.5256,16.8764,16.2011,15.4984,14.7664,14.0041,13.2111,12.3884,11.5387,10.6667,9.77904,8.88417,7.99215,7.11406,6.26144,5.44556,4.6768,3.96402,3.31408,2.73153,2.21849,1.77471,1.39776,1.08347,0.826277,0.619759,0.457071,0.331353,0.23607,0.165249,0.113631,0.076742,0.0508952,0.0331408,0.0211851,0.013293,0.00818642,0.00494762,0.00293419,0.00170739,0.000974752,0.000545937,0.00029995,0.000161654,8.54539e-05,4.4306e-05,2.25298e-05,1.12357e-05,5.49506e-06,2.63547e-06,1.23949e-06,5.71633e-07,2.58502e-07,1.14624e-07,4.98353e-08,2.12443e-08,8.87941e-09,3.63874e-09,1.46196e-09,5.75883e-10
33.6021,33.8933,34.2259,34.5846,34.9501,35.3008,35.6138,35.8676,36.0431,36.1253,36.1042,35.9752,35.739,35.4011,34.9709,34.4606,33.8838,33.2545,32.5864,31.8915,31.1804,30.4612,29.7404,29.022,28.3087,27.6015,26.9007,26.2058,25.5158,24.8301,24.1478,23.4683,22.7914,22.1165,21.4429,20.7695,20.0941,19.4138,18.7244,18.0211,17.2978,16.5489,15.7685,14.9524,14.0977,13.2043,12.2746,11.3144,10.3324,9.33987,8.35026,7.37816,6.43837,5.545,4.71045,3.94477,3.25508,2.64535,2.11646,1.66639,1.29073,0.983227,0.736393,0.542117,0.392197,0.278774,0.19465,0.133486,0.0898934,0.0594387,0.0385836,0.0245853,0.015376,0.00943757,0.00568444,0.00335962,0.0019482,0.00110838,0.000618622,0.000338704,0.000181907,9.58273e-05,4.95133e-05,2.50916e-05,1.24707e-05,6.07847e-06,2.90552e-06,1.36197e-06,6.26049e-07,2.82188e-07,1.24723e-07,5.40535e-08,2.29698e-08,9.57066e-09,3.90992e-09,1.56613e-09,6.15055e-10,2.36821e-10,8.94009e-11,3.30881e-11
34.1769,34.2279,34.3108,34.4224,34.5559,34.7011,34.8456,34.9762,35.0792,35.1423,35.1548,35.1087,34.9983,34.8205,34.5746,34.2618,33.8846,33.4466,32.952,32.4052,31.8109,31.1736,30.4977,29.7877,29.0481,28.2833,27.4982,26.6977,25.8871,25.072,24.2577,23.4498,22.653,21.8715,21.1079,20.3633,19.6367,18.9252,18.2237,17.5249,16.8207,16.1017,15.359,14.5849,13.7733,12.9213,12.0294,11.1018,10.1466,9.17509,8.20122,7.24053,6.30904,5.42208,4.59319,3.83331,3.15017,2.54804,2.02781,1.58726,1.22163,0.924231,0.687184,0.502023,0.36029,0.253972,0.175817,0.119515,0.0797662,0.0522642,0.0336156,0.0212222,0.01315,0.00799676,0.00477236,0.00279486,0.00160611,0.000905653,0.000501076,0.000272011,0.000144877,7.57061e-05,3.88124e-05,1.95214e-05,9.63266e-06,4.66302e-06,2.21447e-06,1.03169e-06,4.71518e-07,2.11405e-07,9.29819e-08,4.01182e-08,1.69802e-08,7.05021e-09,2.87154e-09,1.1473e-09,4.49669e-10,1.72885e-10,6.52027e-11,2.41224e-11
32.1293,31.8651,31.5704,31.2573,30.9373,30.6207,30.3164,30.0312,29.7701,29.5356,29.3283,29.1465,28.9864,28.8427,28.7085,28.5762,28.4374,28.2839,28.1078,27.902,27.6606,27.3791,27.0541,26.6841,26.2684,25.808,25.3049,24.7619,24.1829,23.5728,22.9369,22.2812,21.6118,20.9351,20.2572,19.5836,18.9186,18.2652,17.6248,16.9963,16.3769,15.7617,15.1438,14.5155,13.8684,13.1946,12.4878,11.7438,10.9614,10.1431,9.29507,8.4267,7.55039,6.68044,5.83197,5.01982,4.2574,3.55581,2.92316,2.36425,1.88061,1.47068,1.13038,0.853712,0.633401,0.461576,0.330319,0.232106,0.16012,0.108434,0.0720784,0.0470251,0.0301099,0.0189199,0.0116664,0.00705903,0.0041911,0.0024416,0.00139565,0.000782751,0.000430738,0.000232563,0.000123198,6.40328e-05,3.26542e-05,1.63385e-05,8.02103e-06,3.8636e-06,1.82602e-06,8.46786e-07,3.85304e-07,1.72029e-07,7.53655e-08,3.23985e-08,1.36667e-08,5.65714e-09,2.29789e-09,9.15946e-10,3.58279e-10,1.37528e-10
26.1705,26.0233,25.8196,25.5677,25.2778,24.9619,24.6321,24.3006,23.9783,23.6739,23.3943,23.1432,22.9219,22.7289,22.5608,22.4124,22.2778,22.1504,22.0241,21.8935,21.7542,21.6031,21.4379,21.2575,21.0614,20.8493,20.6213,20.3771,20.1161,19.8374,19.5402,19.2231,18.8852,18.526,18.1452,17.7436,17.3226,16.8846,16.4322,15.9688,15.4977,15.0217,14.5429,14.0621,13.5788,13.0905,12.5934,12.0825,11.5518,10.9957,10.4093,9.78932,9.13518,8.44911,7.73652,7.00583,6.26789,5.53527,4.82122,4.13867,3.49922,2.91234,2.38484,1.92061,1.52061,1.1832,0.904563,0.679288,0.500972,0.362777,0.257908,0.179982,0.123277,0.0828669,0.0546619,0.0353802,0.0224687,0.0139995,0.00855745,0.00513157,0.00301867,0.0017419,0.000985974,0.000547429,0.000298127,0.00015925,8.34363e-05,4.28769e-05,2.16112e-05,1.06836e-05,5.18014e-06,2.46345e-06,1.14901e-06,5.25635e-07,2.35843e-07,1.03786e-07,4.47957e-08,1.89633e-08,7.87364e-09,3.20643e-09
19.1164,19.2022,19.2458,19.248,19.2124,19.1448,19.0523,18.9427,18.8229,18.6989,18.5748,18.4527,18.3326,18.2131,18.0912,17.9635,17.8267,17.678,17.5158,17.3399,17.1517,16.9538,16.75,16.5449,16.3432,16.1491,15.9663,15.7972,15.6427,15.5024,15.3743,15.2552,15.1407,15.026,14.9057,14.7744,14.6273,14.4601,14.2696,14.0537,13.8116,13.5436,13.2516,12.9381,12.6066,12.2608,11.9043,11.5402,11.1704,10.7956,10.4149,10.0257,9.62425,9.2061,8.76652,8.30148,7.80834,7.2865,6.73787,6.167,5.58092,4.98873,4.40084,3.82822,3.28145,2.76996,2.30137,1.88105,1.51196,1.19469,0.927714,0.707788,0.530427,0.390388,0.282126,0.200171,0.139417,0.0953094,0.0639472,0.0421051,0.0272045,0.017247,0.0107281,0.0065471,0.00391984,0.00230231,0.00132654,0.000749755,0.00041567,0.000226046,0.000120574,6.30819e-05,3.23701e-05,1.62916e-05,8.04179e-06,3.8932e-06,1.84849e-06,8.60755e-07,3.93086e-07,1.7605e-07
